allele,2_1,2_2,2_3,2_4,2_5,3_1,3_2,3_3,3_4,3_5,4_1,4_2,4_3,4_4,4_5,10_1,10_2,10_3,10_4,10_5,18_1,18_2,18_3,18_4,18_5,24_1,24_2,24_3,24_4,24_5,36_1,36_2,36_3,36_4,36_5,42_1,42_2,42_3,42_4,42_5,43_1,43_2,43_3,43_4,43_5,44_1,44_2,44_3,44_4,44_5,46_1,46_2,46_3,46_4,46_5,48_1,48_2,48_3,48_4,48_5,50_1,50_2,50_3,50_4,50_5,51_1,51_2,51_3,51_4,51_5
Caca01,2.05,-4.06,0.36,-0.82,-0.38,0.75,-2.18,-1.12,-1.46,-0.4,0.75,-2.18,-1.12,-1.46,-0.4,-4.22,1.94,1.06,0.54,-0.62,-2.59,-2.64,-1.54,-0.85,-0.02,0.75,-2.18,-1.12,-1.46,-0.4,-2.59,-2.64,-1.54,-0.85,-0.02,3.11,0.26,-0.11,-3.04,-0.25,3.98,0.93,1.93,-2.46,0.75,3.98,0.93,1.93,-2.46,0.75,0.24,-2.32,0.6,-0.14,1.3,-4.28,-1.3,-1.49,-0.72,0.84,3.52,2.5,-3.5,1.99,-0.17,3.52,2.5,-3.5,1.99,-0.17
Caca02,2.05,-4.06,0.36,-0.82,-0.38,2.39,-1.07,1.15,-1.39,0.67,-3.89,-1.73,-1.71,-0.84,0.26,-2.54,2.44,0.43,0.04,-1.47,-3.89,-1.73,-1.71,-0.84,0.26,3.52,2.5,-3.5,1.99,-0.17,-3.89,-1.73,-1.71,-0.84,0.26,3.11,0.26,-0.11,-3.04,-0.25,0.24,-2.32,0.6,-0.14,1.3,3.98,0.93,1.93,-2.46,0.75,2.39,-1.07,1.15,-1.39,0.67,-2.59,-2.64,-1.54,-0.85,-0.02,3.52,2.5,-3.5,1.99,-0.17,3.52,2.5,-3.5,1.99,-0.17
Caca03,2.05,-4.06,0.36,-0.82,-0.38,2.39,-1.07,1.15,-1.39,0.67,-3.89,-1.73,-1.71,-0.84,0.26,-2.54,2.44,0.43,0.04,-1.47,-3.89,-1.73,-1.71,-0.84,0.26,3.52,2.5,-3.5,1.99,-0.17,-3.89,-1.73,-1.71,-0.84,0.26,3.11,0.26,-0.11,-3.04,-0.25,0.24,-2.32,0.6,-0.14,1.3,3.98,0.93,1.93,-2.46,0.75,2.39,-1.07,1.15,-1.39,0.67,-2.59,-2.64,-1.54,-0.85,-0.02,3.52,2.5,-3.5,1.99,-0.17,1.75,0.5,-1.44,-1.34,0.66
Caca04,2.05,-4.06,0.36,-0.82,-0.38,2.39,-1.07,1.15,-1.39,0.67,2.29,0.89,-2.49,1.49,0.31,-2.54,2.44,0.43,0.04,-1.47,-3.89,-1.73,-1.71,-0.84,0.26,3.52,2.5,-3.5,1.99,-0.17,-2.59,-2.64,-1.54,-0.85,-0.02,3.98,0.93,1.93,-2.46,0.75,0.24,-2.32,0.6,-0.14,1.3,3.98,0.93,1.93,-2.46,0.75,2.05,-4.06,0.36,-0.82,-0.38,0.75,-2.18,-1.12,-1.46,-0.4,3.52,2.5,-3.5,1.99,-0.17,1.75,0.5,-1.44,-1.34,0.66
Caca05,3.05,1.62,1.04,-1.15,1.61,0.75,-2.18,-1.12,-1.46,-0.4,0.75,-2.18,-1.12,-1.46,-0.4,3.98,0.93,1.93,-2.46,0.75,-4.28,-1.3,-1.49,-0.72,0.84,0.75,-2.18,-1.12,-1.46,-0.4,-3.89,-1.73,-1.71,-0.84,0.26,3.98,0.93,1.93,-2.46,0.75,0.24,-2.32,0.6,-0.14,1.3,3.11,0.26,-0.11,-3.04,-0.25,-4.28,-1.3,-1.49,-0.72,0.84,3.05,1.62,1.04,-1.15,1.61,3.52,2.5,-3.5,1.99,-0.17,-4.36,3.94,0.59,3.44,-1.59
Caca06,3.05,1.62,1.04,-1.15,1.61,0.75,-2.18,-1.12,-1.46,-0.4,0.75,-2.18,-1.12,-1.46,-0.4,3.98,0.93,1.93,-2.46,0.75,-4.28,-1.3,-1.49,-0.72,0.84,0.75,-2.18,-1.12,-1.46,-0.4,-3.89,-1.73,-1.71,-0.84,0.26,3.98,0.93,1.93,-2.46,0.75,0.24,-2.32,0.6,-0.14,1.3,3.11,0.26,-0.11,-3.04,-0.25,-4.28,-1.3,-1.49,-0.72,0.84,3.05,1.62,1.04,-1.15,1.61,3.52,2.5,-3.5,1.99,-0.17,-4.36,3.94,0.59,3.44,-1.59
Caca07,3.05,1.62,1.04,-1.15,1.61,2.39,-1.07,1.15,-1.39,0.67,0.75,-2.18,-1.12,-1.46,-0.4,3.98,0.93,1.93,-2.46,0.75,-4.28,-1.3,-1.49,-0.72,0.84,0.75,-2.18,-1.12,-1.46,-0.4,-3.89,-1.73,-1.71,-0.84,0.26,3.98,0.93,1.93,-2.46,0.75,0.24,-2.32,0.6,-0.14,1.3,3.11,0.26,-0.11,-3.04,-0.25,-4.28,-1.3,-1.49,-0.72,0.84,3.05,1.62,1.04,-1.15,1.61,3.52,2.5,-3.5,1.99,-0.17,-4.36,3.94,0.59,3.44,-1.59
Caca08,2.05,-4.06,0.36,-0.82,-0.38,2.39,-1.07,1.15,-1.39,0.67,-3.89,-1.73,-1.71,-0.84,0.26,-2.54,2.44,0.43,0.04,-1.47,-3.89,-1.73,-1.71,-0.84,0.26,3.52,2.5,-3.5,1.99,-0.17,-2.59,-2.64,-1.54,-0.85,-0.02,3.11,0.26,-0.11,-3.04,-0.25,0.24,-2.32,0.6,-0.14,1.3,3.98,0.93,1.93,-2.46,0.75,2.39,-1.07,1.15,-1.39,0.67,0.24,-2.32,0.6,-0.14,1.3,2.05,-4.06,0.36,-0.82,-0.38,-4.36,3.94,0.59,3.44,-1.59
Caca09,2.05,-4.06,0.36,-0.82,-0.38,2.39,-1.07,1.15,-1.39,0.67,2.29,0.89,-2.49,1.49,0.31,-2.54,2.44,0.43,0.04,-1.47,-3.89,-1.73,-1.71,-0.84,0.26,3.52,2.5,-3.5,1.99,-0.17,-2.59,-2.64,-1.54,-0.85,-0.02,3.98,0.93,1.93,-2.46,0.75,0.24,-2.32,0.6,-0.14,1.3,3.98,0.93,1.93,-2.46,0.75,2.05,-4.06,0.36,-0.82,-0.38,0.75,-2.18,-1.12,-1.46,-0.4,3.52,2.5,-3.5,1.99,-0.17,3.52,2.5,-3.5,1.99,-0.17
Carca00,2.05,-4.06,0.36,-0.82,-0.38,2.39,-1.07,1.15,-1.39,0.67,2.29,0.89,-2.49,1.49,0.31,-2.54,2.44,0.43,0.04,-1.47,-2.59,-2.64,-1.54,-0.85,-0.02,3.52,2.5,-3.5,1.99,-0.17,-2.59,-2.64,-1.54,-0.85,-0.02,3.98,0.93,1.93,-2.46,0.75,2.05,-4.06,0.36,-0.82,-0.38,3.98,0.93,1.93,-2.46,0.75,2.39,-1.07,1.15,-1.39,0.67,0.24,-2.32,0.6,-0.14,1.3,0.75,-2.18,-1.12,-1.46,-0.4,-2.54,2.44,0.43,0.04,-1.47
Carca09,2.05,-4.06,0.36,-0.82,-0.38,2.39,-1.07,1.15,-1.39,0.67,2.29,0.89,-2.49,1.49,0.31,-2.54,2.44,0.43,0.04,-1.47,-2.59,-2.64,-1.54,-0.85,-0.02,3.52,2.5,-3.5,1.99,-0.17,-2.59,-2.64,-1.54,-0.85,-0.02,3.98,0.93,1.93,-2.46,0.75,2.05,-4.06,0.36,-0.82,-0.38,3.98,0.93,1.93,-2.46,0.75,2.39,-1.07,1.15,-1.39,0.67,0.24,-2.32,0.6,-0.14,1.3,0.75,-2.18,-1.12,-1.46,-0.4,-2.54,2.44,0.43,0.04,-1.47
Carca11,2.05,-4.06,0.36,-0.82,-0.38,2.39,-1.07,1.15,-1.39,0.67,2.29,0.89,-2.49,1.49,0.31,-2.54,2.44,0.43,0.04,-1.47,-3.89,-1.73,-1.71,-0.84,0.26,3.52,2.5,-3.5,1.99,-0.17,-2.59,-2.64,-1.54,-0.85,-0.02,3.98,0.93,1.93,-2.46,0.75,0.24,-2.32,0.6,-0.14,1.3,3.98,0.93,1.93,-2.46,0.75,2.05,-4.06,0.36,-0.82,-0.38,0.75,-2.18,-1.12,-1.46,-0.4,3.52,2.5,-3.5,1.99,-0.17,1.75,0.5,-1.44,-1.34,0.66
Carca13,2.05,-4.06,0.36,-0.82,-0.38,2.39,-1.07,1.15,-1.39,0.67,2.29,0.89,-2.49,1.49,0.31,-2.54,2.44,0.43,0.04,-1.47,-2.59,-2.64,-1.54,-0.85,-0.02,3.52,2.5,-3.5,1.99,-0.17,-2.59,-2.64,-1.54,-0.85,-0.02,3.11,0.26,-0.11,-3.04,-0.25,0.24,-2.32,0.6,-0.14,1.3,3.98,0.93,1.93,-2.46,0.75,2.39,-1.07,1.15,-1.39,0.67,0.24,-2.32,0.6,-0.14,1.3,2.05,-4.06,0.36,-0.82,-0.38,-4.36,3.94,0.59,3.44,-1.59
Carca14,3.05,1.62,1.04,-1.15,1.61,0.75,-2.18,-1.12,-1.46,-0.4,0.75,-2.18,-1.12,-1.46,-0.4,3.98,0.93,1.93,-2.46,0.75,-4.28,-1.3,-1.49,-0.72,0.84,0.75,-2.18,-1.12,-1.46,-0.4,-3.89,-1.73,-1.71,-0.84,0.26,3.98,0.93,1.93,-2.46,0.75,0.24,-2.32,0.6,-0.14,1.3,3.11,0.26,-0.11,-3.04,-0.25,-4.28,-1.3,-1.49,-0.72,0.84,3.05,1.62,1.04,-1.15,1.61,3.52,2.5,-3.5,1.99,-0.17,-4.36,3.94,0.59,3.44,-1.59
Carca15,3.05,1.62,1.04,-1.15,1.61,0.75,-2.18,-1.12,-1.46,-0.4,0.75,-2.18,-1.12,-1.46,-0.4,3.98,0.93,1.93,-2.46,0.75,-4.28,-1.3,-1.49,-0.72,0.84,0.75,-2.18,-1.12,-1.46,-0.4,-3.89,-1.73,-1.71,-0.84,0.26,3.98,0.93,1.93,-2.46,0.75,0.24,-2.32,0.6,-0.14,1.3,3.11,0.26,-0.11,-3.04,-0.25,-4.28,-1.3,-1.49,-0.72,0.84,3.05,1.62,1.04,-1.15,1.61,3.52,2.5,-3.5,1.99,-0.17,-4.36,3.94,0.59,3.44,-1.59
Carca16,2.05,-4.06,0.36,-0.82,-0.38,2.39,-1.07,1.15,-1.39,0.67,-3.89,-1.73,-1.71,-0.84,0.26,3.98,0.93,1.93,-2.46,0.75,-3.89,-1.73,-1.71,-0.84,0.26,3.52,2.5,-3.5,1.99,-0.17,-3.89,-1.73,-1.71,-0.84,0.26,3.98,0.93,1.93,-2.46,0.75,0.24,-2.32,0.6,-0.14,1.3,3.98,0.93,1.93,-2.46,0.75,2.05,-4.06,0.36,-0.82,-0.38,0.75,-2.18,-1.12,-1.46,-0.4,3.52,2.5,-3.5,1.99,-0.17,3.52,2.5,-3.5,1.99,-0.17
Carca17,3.05,1.62,1.04,-1.15,1.61,0.75,-2.18,-1.12,-1.46,-0.4,0.75,-2.18,-1.12,-1.46,-0.4,3.98,0.93,1.93,-2.46,0.75,-4.28,-1.3,-1.49,-0.72,0.84,0.75,-2.18,-1.12,-1.46,-0.4,-3.89,-1.73,-1.71,-0.84,0.26,3.98,0.93,1.93,-2.46,0.75,0.24,-2.32,0.6,-0.14,1.3,3.11,0.26,-0.11,-3.04,-0.25,-4.28,-1.3,-1.49,-0.72,0.84,3.05,1.62,1.04,-1.15,1.61,3.52,2.5,-3.5,1.99,-0.17,-4.36,3.94,0.59,3.44,-1.59
Carca19,3.05,1.62,1.04,-1.15,1.61,0.75,-2.18,-1.12,-1.46,-0.4,0.75,-2.18,-1.12,-1.46,-0.4,3.98,0.93,1.93,-2.46,0.75,-4.28,-1.3,-1.49,-0.72,0.84,0.75,-2.18,-1.12,-1.46,-0.4,-3.89,-1.73,-1.71,-0.84,0.26,3.98,0.93,1.93,-2.46,0.75,0.24,-2.32,0.6,-0.14,1.3,3.11,0.26,-0.11,-3.04,-0.25,-4.28,-1.3,-1.49,-0.72,0.84,3.05,1.62,1.04,-1.15,1.61,3.52,2.5,-3.5,1.99,-0.17,-4.36,3.94,0.59,3.44,-1.59
Carca21,3.05,1.62,1.04,-1.15,1.61,-2.59,-2.64,-1.54,-0.85,-0.02,-3.89,-1.73,-1.71,-0.84,0.26,3.98,0.93,1.93,-2.46,0.75,-4.28,-1.3,-1.49,-0.72,0.84,0.75,-2.18,-1.12,-1.46,-0.4,-3.89,-1.73,-1.71,-0.84,0.26,3.98,0.93,1.93,-2.46,0.75,0.24,-2.32,0.6,-0.14,1.3,3.11,0.26,-0.11,-3.04,-0.25,-4.28,-1.3,-1.49,-0.72,0.84,3.05,1.62,1.04,-1.15,1.61,1.75,0.5,-1.44,-1.34,0.66,-4.36,3.94,0.59,3.44,-1.59
Carca25,2.05,-4.06,0.36,-0.82,-0.38,2.39,-1.07,1.15,-1.39,0.67,2.29,0.89,-2.49,1.49,0.31,-2.54,2.44,0.43,0.04,-1.47,-2.59,-2.64,-1.54,-0.85,-0.02,3.52,2.5,-3.5,1.99,-0.17,-2.59,-2.64,-1.54,-0.85,-0.02,3.98,0.93,1.93,-2.46,0.75,0.24,-2.32,0.6,-0.14,1.3,3.98,0.93,1.93,-2.46,0.75,2.05,-4.06,0.36,-0.82,-0.38,0.75,-2.18,-1.12,-1.46,-0.4,3.52,2.5,-3.5,1.99,-0.17,1.75,0.5,-1.44,-1.34,0.66
Carca27,3.05,1.62,1.04,-1.15,1.61,0.75,-2.18,-1.12,-1.46,-0.4,0.75,-2.18,-1.12,-1.46,-0.4,3.98,0.93,1.93,-2.46,0.75,-4.28,-1.3,-1.49,-0.72,0.84,0.75,-2.18,-1.12,-1.46,-0.4,-3.89,-1.73,-1.71,-0.84,0.26,3.98,0.93,1.93,-2.46,0.75,0.24,-2.32,0.6,-0.14,1.3,3.11,0.26,-0.11,-3.04,-0.25,-4.28,-1.3,-1.49,-0.72,0.84,3.05,1.62,1.04,-1.15,1.61,3.52,2.5,-3.5,1.99,-0.17,-4.36,3.94,0.59,3.44,-1.59
Carca28,3.05,1.62,1.04,-1.15,1.61,2.39,-1.07,1.15,-1.39,0.67,0.75,-2.18,-1.12,-1.46,-0.4,3.98,0.93,1.93,-2.46,0.75,-4.28,-1.3,-1.49,-0.72,0.84,0.75,-2.18,-1.12,-1.46,-0.4,-3.89,-1.73,-1.71,-0.84,0.26,3.98,0.93,1.93,-2.46,0.75,0.24,-2.32,0.6,-0.14,1.3,3.11,0.26,-0.11,-3.04,-0.25,-4.28,-1.3,-1.49,-0.72,0.84,3.05,1.62,1.04,-1.15,1.61,3.52,2.5,-3.5,1.99,-0.17,-4.36,3.94,0.59,3.44,-1.59
Carca30,3.05,1.62,1.04,-1.15,1.61,-2.59,-2.64,-1.54,-0.85,-0.02,-3.89,-1.73,-1.71,-0.84,0.26,3.98,0.93,1.93,-2.46,0.75,-4.28,-1.3,-1.49,-0.72,0.84,0.75,-2.18,-1.12,-1.46,-0.4,-3.89,-1.73,-1.71,-0.84,0.26,3.98,0.93,1.93,-2.46,0.75,-2.59,-2.64,-1.54,-0.85,-0.02,3.11,0.26,-0.11,-3.04,-0.25,2.05,-4.06,0.36,-0.82,-0.38,3.05,1.62,1.04,-1.15,1.61,3.52,2.5,-3.5,1.99,-0.17,-4.36,3.94,0.59,3.44,-1.59
Carca32,2.05,-4.06,0.36,-0.82,-0.38,2.39,-1.07,1.15,-1.39,0.67,2.29,0.89,-2.49,1.49,0.31,-2.54,2.44,0.43,0.04,-1.47,-3.89,-1.73,-1.71,-0.84,0.26,3.52,2.5,-3.5,1.99,-0.17,-2.59,-2.64,-1.54,-0.85,-0.02,3.98,0.93,1.93,-2.46,0.75,2.05,-4.06,0.36,-0.82,-0.38,3.98,0.93,1.93,-2.46,0.75,2.39,-1.07,1.15,-1.39,0.67,0.24,-2.32,0.6,-0.14,1.3,0.75,-2.18,-1.12,-1.46,-0.4,-2.54,2.44,0.43,0.04,-1.47
Carca42,2.05,-4.06,0.36,-0.82,-0.38,2.39,-1.07,1.15,-1.39,0.67,-3.89,-1.73,-1.71,-0.84,0.26,-2.54,2.44,0.43,0.04,-1.47,-3.89,-1.73,-1.71,-0.84,0.26,3.52,2.5,-3.5,1.99,-0.17,-3.89,-1.73,-1.71,-0.84,0.26,3.98,0.93,1.93,-2.46,0.75,2.05,-4.06,0.36,-0.82,-0.38,3.98,0.93,1.93,-2.46,0.75,2.39,-1.07,1.15,-1.39,0.67,0.24,-2.32,0.6,-0.14,1.3,3.52,2.5,-3.5,1.99,-0.17,3.11,0.26,-0.11,-3.04,-0.25
Carca56,2.05,-4.06,0.36,-0.82,-0.38,2.39,-1.07,1.15,-1.39,0.67,2.29,0.89,-2.49,1.49,0.31,-2.54,2.44,0.43,0.04,-1.47,-3.89,-1.73,-1.71,-0.84,0.26,3.52,2.5,-3.5,1.99,-0.17,-2.59,-2.64,-1.54,-0.85,-0.02,3.98,0.93,1.93,-2.46,0.75,0.24,-2.32,0.6,-0.14,1.3,3.98,0.93,1.93,-2.46,0.75,2.05,-4.06,0.36,-0.82,-0.38,0.75,-2.18,-1.12,-1.46,-0.4,3.52,2.5,-3.5,1.99,-0.17,3.52,2.5,-3.5,1.99,-0.17
Carca81,3.05,1.62,1.04,-1.15,1.61,0.75,-2.18,-1.12,-1.46,-0.4,0.75,-2.18,-1.12,-1.46,-0.4,3.98,0.93,1.93,-2.46,0.75,-4.28,-1.3,-1.49,-0.72,0.84,0.75,-2.18,-1.12,-1.46,-0.4,-3.89,-1.73,-1.71,-0.84,0.26,3.98,0.93,1.93,-2.46,0.75,0.24,-2.32,0.6,-0.14,1.3,3.11,0.26,-0.11,-3.04,-0.25,-4.28,-1.3,-1.49,-0.72,0.84,3.05,1.62,1.04,-1.15,1.61,3.52,2.5,-3.5,1.99,-0.17,-4.36,3.94,0.59,3.44,-1.59
Carca102,2.05,-4.06,0.36,-0.82,-0.38,2.39,-1.07,1.15,-1.39,0.67,-3.89,-1.73,-1.71,-0.84,0.26,-2.54,2.44,0.43,0.04,-1.47,-3.89,-1.73,-1.71,-0.84,0.26,3.52,2.5,-3.5,1.99,-0.17,-3.89,-1.73,-1.71,-0.84,0.26,3.98,0.93,1.93,-2.46,0.75,2.05,-4.06,0.36,-0.82,-0.38,3.98,0.93,1.93,-2.46,0.75,2.39,-1.07,1.15,-1.39,0.67,0.24,-2.32,0.6,-0.14,1.3,3.52,2.5,-3.5,1.99,-0.17,1.75,0.5,-1.44,-1.34,0.66
Carca109,3.05,1.62,1.04,-1.15,1.61,0.75,-2.18,-1.12,-1.46,-0.4,0.75,-2.18,-1.12,-1.46,-0.4,3.98,0.93,1.93,-2.46,0.75,-4.28,-1.3,-1.49,-0.72,0.84,0.75,-2.18,-1.12,-1.46,-0.4,-3.89,-1.73,-1.71,-0.84,0.26,3.98,0.93,1.93,-2.46,0.75,0.24,-2.32,0.6,-0.14,1.3,3.11,0.26,-0.11,-3.04,-0.25,-4.28,-1.3,-1.49,-0.72,0.84,3.05,1.62,1.04,-1.15,1.61,3.52,2.5,-3.5,1.99,-0.17,-4.36,3.94,0.59,3.44,-1.59
Carca186,3.05,1.62,1.04,-1.15,1.61,0.75,-2.18,-1.12,-1.46,-0.4,0.75,-2.18,-1.12,-1.46,-0.4,3.98,0.93,1.93,-2.46,0.75,-4.28,-1.3,-1.49,-0.72,0.84,0.75,-2.18,-1.12,-1.46,-0.4,-3.89,-1.73,-1.71,-0.84,0.26,3.98,0.93,1.93,-2.46,0.75,0.24,-2.32,0.6,-0.14,1.3,3.11,0.26,-0.11,-3.04,-0.25,-4.28,-1.3,-1.49,-0.72,0.84,3.05,1.62,1.04,-1.15,1.61,3.52,2.5,-3.5,1.99,-0.17,-4.36,3.94,0.59,3.44,-1.59
Carca235,2.05,-4.06,0.36,-0.82,-0.38,2.39,-1.07,1.15,-1.39,0.67,-3.89,-1.73,-1.71,-0.84,0.26,-2.54,2.44,0.43,0.04,-1.47,-3.89,-1.73,-1.71,-0.84,0.26,3.52,2.5,-3.5,1.99,-0.17,-2.59,-2.64,-1.54,-0.85,-0.02,3.98,0.93,1.93,-2.46,0.75,0.24,-2.32,0.6,-0.14,1.3,3.98,0.93,1.93,-2.46,0.75,2.05,-4.06,0.36,-0.82,-0.38,0.75,-2.18,-1.12,-1.46,-0.4,3.52,2.5,-3.5,1.99,-0.17,3.52,2.5,-3.5,1.99,-0.17
Carca475,2.05,-4.06,0.36,-0.82,-0.38,2.39,-1.07,1.15,-1.39,0.67,-3.89,-1.73,-1.71,-0.84,0.26,-2.54,2.44,0.43,0.04,-1.47,-3.89,-1.73,-1.71,-0.84,0.26,3.52,2.5,-3.5,1.99,-0.17,-3.89,-1.73,-1.71,-0.84,0.26,3.98,0.93,1.93,-2.46,0.75,2.05,-4.06,0.36,-0.82,-0.38,3.98,0.93,1.93,-2.46,0.75,2.39,-1.07,1.15,-1.39,0.67,0.24,-2.32,0.6,-0.14,1.3,3.52,2.5,-3.5,1.99,-0.17,1.75,0.5,-1.44,-1.34,0.66
Chmy01,2.05,-4.06,0.36,-0.82,-0.38,-2.59,-2.64,-1.54,-0.85,-0.02,-3.89,-1.73,-1.71,-0.84,0.26,3.98,0.93,1.93,-2.46,0.75,-4.28,-1.3,-1.49,-0.72,0.84,0.75,-2.18,-1.12,-1.46,-0.4,-3.89,-1.73,-1.71,-0.84,0.26,2.47,1.95,0.26,3.9,0.09,0.24,-2.32,0.6,-0.14,1.3,3.11,0.26,-0.11,-3.04,-0.25,2.47,1.95,0.26,3.9,0.09,3.05,1.62,1.04,-1.15,1.61,2.05,-4.06,0.36,-0.82,-0.38,-4.36,3.94,0.59,3.44,-1.59
Chmy02,3.05,1.62,1.04,-1.15,1.61,0.75,-2.18,-1.12,-1.46,-0.4,0.75,-2.18,-1.12,-1.46,-0.4,3.98,0.93,1.93,-2.46,0.75,-4.28,-1.3,-1.49,-0.72,0.84,0.75,-2.18,-1.12,-1.46,-0.4,-3.89,-1.73,-1.71,-0.84,0.26,3.98,0.93,1.93,-2.46,0.75,0.24,-2.32,0.6,-0.14,1.3,1.75,0.5,-1.44,-1.34,0.66,-4.22,1.94,1.06,0.54,-0.62,3.05,1.62,1.04,-1.15,1.61,1.75,0.5,-1.44,-1.34,0.66,-4.36,3.94,0.59,3.44,-1.59
Chmy03,2.05,-4.06,0.36,-0.82,-0.38,2.39,-1.07,1.15,-1.39,0.67,2.29,0.89,-2.49,1.49,0.31,-2.54,2.44,0.43,0.04,-1.47,-2.59,-2.64,-1.54,-0.85,-0.02,1.75,0.5,-1.44,-1.34,0.66,-2.59,-2.64,-1.54,-0.85,-0.02,3.11,0.26,-0.11,-3.04,-0.25,0.24,-2.32,0.6,-0.14,1.3,3.11,0.26,-0.11,-3.04,-0.25,2.39,-1.07,1.15,-1.39,0.67,0.24,-2.32,0.6,-0.14,1.3,2.05,-4.06,0.36,-0.82,-0.38,-4.36,3.94,0.59,3.44,-1.59
Chmy04,2.05,-4.06,0.36,-0.82,-0.38,0.75,-2.18,-1.12,-1.46,-0.4,0.75,-2.18,-1.12,-1.46,-0.4,-2.54,2.44,0.43,0.04,-1.47,-2.59,-2.64,-1.54,-0.85,-0.02,0.75,-2.18,-1.12,-1.46,-0.4,-2.59,-2.64,-1.54,-0.85,-0.02,3.11,0.26,-0.11,-3.04,-0.25,0.24,-2.32,0.6,-0.14,1.3,3.98,0.93,1.93,-2.46,0.75,0.24,-2.32,0.6,-0.14,1.3,-4.28,-1.3,-1.49,-0.72,0.84,2.05,-4.06,0.36,-0.82,-0.38,3.52,2.5,-3.5,1.99,-0.17
Chmy05,2.05,-4.06,0.36,-0.82,-0.38,2.39,-1.07,1.15,-1.39,0.67,-3.89,-1.73,-1.71,-0.84,0.26,3.98,0.93,1.93,-2.46,0.75,-4.28,-1.3,-1.49,-0.72,0.84,-4.28,-1.3,-1.49,-0.72,0.84,-3.89,-1.73,-1.71,-0.84,0.26,3.98,0.93,1.93,-2.46,0.75,0.24,-2.32,0.6,-0.14,1.3,3.98,0.93,1.93,-2.46,0.75,2.39,-1.07,1.15,-1.39,0.67,0.24,-2.32,0.6,-0.14,1.3,3.52,2.5,-3.5,1.99,-0.17,1.75,0.5,-1.44,-1.34,0.66
Chmy06,2.05,-4.06,0.36,-0.82,-0.38,2.39,-1.07,1.15,-1.39,0.67,2.29,0.89,-2.49,1.49,0.31,-2.54,2.44,0.43,0.04,-1.47,-4.28,-1.3,-1.49,-0.72,0.84,3.52,2.5,-3.5,1.99,-0.17,-3.89,-1.73,-1.71,-0.84,0.26,3.98,0.93,1.93,-2.46,0.75,0.24,-2.32,0.6,-0.14,1.3,3.11,0.26,-0.11,-3.04,-0.25,2.39,-1.07,1.15,-1.39,0.67,0.24,-2.32,0.6,-0.14,1.3,3.52,2.5,-3.5,1.99,-0.17,-2.54,2.44,0.43,0.04,-1.47
Chmy07,2.05,-4.06,0.36,-0.82,-0.38,2.39,-1.07,1.15,-1.39,0.67,2.29,0.89,-2.49,1.49,0.31,-4.22,1.94,1.06,0.54,-0.62,-4.28,-1.3,-1.49,-0.72,0.84,3.52,2.5,-3.5,1.99,-0.17,-3.89,-1.73,-1.71,-0.84,0.26,3.98,0.93,1.93,-2.46,0.75,0.24,-2.32,0.6,-0.14,1.3,3.11,0.26,-0.11,-3.04,-0.25,2.39,-1.07,1.15,-1.39,0.67,0.24,-2.32,0.6,-0.14,1.3,3.52,2.5,-3.5,1.99,-0.17,1.75,0.5,-1.44,-1.34,0.66
Chmy08,2.05,-4.06,0.36,-0.82,-0.38,2.39,-1.07,1.15,-1.39,0.67,2.29,0.89,-2.49,1.49,0.31,-4.22,1.94,1.06,0.54,-0.62,-4.28,-1.3,-1.49,-0.72,0.84,3.52,2.5,-3.5,1.99,-0.17,-2.59,-2.64,-1.54,-0.85,-0.02,3.98,0.93,1.93,-2.46,0.75,0.24,-2.32,0.6,-0.14,1.3,3.98,0.93,1.93,-2.46,0.75,2.39,-1.07,1.15,-1.39,0.67,0.24,-2.32,0.6,-0.14,1.3,3.52,2.5,-3.5,1.99,-0.17,3.11,0.26,-0.11,-3.04,-0.25
Chmy09,2.39,-1.07,1.15,-1.39,0.67,2.39,-1.07,1.15,-1.39,0.67,2.29,0.89,-2.49,1.49,0.31,-2.54,2.44,0.43,0.04,-1.47,-4.28,-1.3,-1.49,-0.72,0.84,2.47,1.95,0.26,3.9,0.09,-3.89,-1.73,-1.71,-0.84,0.26,3.98,0.93,1.93,-2.46,0.75,0.24,-2.32,0.6,-0.14,1.3,3.11,0.26,-0.11,-3.04,-0.25,2.39,-1.07,1.15,-1.39,0.67,0.24,-2.32,0.6,-0.14,1.3,1.75,0.5,-1.44,-1.34,0.66,-4.36,3.94,0.59,3.44,-1.59
Chmy10,3.05,1.62,1.04,-1.15,1.61,-2.59,-2.64,-1.54,-0.85,-0.02,-3.89,-1.73,-1.71,-0.84,0.26,3.98,0.93,1.93,-2.46,0.75,-4.28,-1.3,-1.49,-0.72,0.84,0.75,-2.18,-1.12,-1.46,-0.4,-3.89,-1.73,-1.71,-0.84,0.26,3.11,0.26,-0.11,-3.04,-0.25,0.24,-2.32,0.6,-0.14,1.3,3.11,0.26,-0.11,-3.04,-0.25,-2.59,-2.64,-1.54,-0.85,-0.02,3.05,1.62,1.04,-1.15,1.61,1.75,0.5,-1.44,-1.34,0.66,-4.36,3.94,0.59,3.44,-1.59
Chmy11,2.05,-4.06,0.36,-0.82,-0.38,2.39,-1.07,1.15,-1.39,0.67,2.29,0.89,-2.49,1.49,0.31,-4.22,1.94,1.06,0.54,-0.62,-4.28,-1.3,-1.49,-0.72,0.84,2.47,1.95,0.26,3.9,0.09,-2.59,-2.64,-1.54,-0.85,-0.02,3.98,0.93,1.93,-2.46,0.75,0.24,-2.32,0.6,-0.14,1.3,3.98,0.93,1.93,-2.46,0.75,2.39,-1.07,1.15,-1.39,0.67,0.24,-2.32,0.6,-0.14,1.3,3.52,2.5,-3.5,1.99,-0.17,1.75,0.5,-1.44,-1.34,0.66
Chmy12,2.05,-4.06,0.36,-0.82,-0.38,2.39,-1.07,1.15,-1.39,0.67,-3.89,-1.73,-1.71,-0.84,0.26,3.98,0.93,1.93,-2.46,0.75,-3.89,-1.73,-1.71,-0.84,0.26,-4.28,-1.3,-1.49,-0.72,0.84,-3.89,-1.73,-1.71,-0.84,0.26,3.98,0.93,1.93,-2.46,0.75,0.24,-2.32,0.6,-0.14,1.3,3.98,0.93,1.93,-2.46,0.75,2.39,-1.07,1.15,-1.39,0.67,0.24,-2.32,0.6,-0.14,1.3,3.52,2.5,-3.5,1.99,-0.17,1.75,0.5,-1.44,-1.34,0.66
Chmy13,2.05,-4.06,0.36,-0.82,-0.38,2.39,-1.07,1.15,-1.39,0.67,2.29,0.89,-2.49,1.49,0.31,-4.22,1.94,1.06,0.54,-0.62,-4.28,-1.3,-1.49,-0.72,0.84,3.52,2.5,-3.5,1.99,-0.17,-3.89,-1.73,-1.71,-0.84,0.26,3.98,0.93,1.93,-2.46,0.75,0.24,-2.32,0.6,-0.14,1.3,3.11,0.26,-0.11,-3.04,-0.25,2.39,-1.07,1.15,-1.39,0.67,0.24,-2.32,0.6,-0.14,1.3,-2.54,2.44,0.43,0.04,-1.47,-4.36,3.94,0.59,3.44,-1.59
Chmy14,2.05,-4.06,0.36,-0.82,-0.38,2.39,-1.07,1.15,-1.39,0.67,2.29,0.89,-2.49,1.49,0.31,-2.54,2.44,0.43,0.04,-1.47,-4.28,-1.3,-1.49,-0.72,0.84,2.47,1.95,0.26,3.9,0.09,-2.59,-2.64,-1.54,-0.85,-0.02,3.98,0.93,1.93,-2.46,0.75,0.24,-2.32,0.6,-0.14,1.3,3.11,0.26,-0.11,-3.04,-0.25,2.39,-1.07,1.15,-1.39,0.67,0.24,-2.32,0.6,-0.14,1.3,3.52,2.5,-3.5,1.99,-0.17,1.75,0.5,-1.44,-1.34,0.66
Chmy15,2.05,-4.06,0.36,-0.82,-0.38,2.39,-1.07,1.15,-1.39,0.67,2.29,0.89,-2.49,1.49,0.31,-2.54,2.44,0.43,0.04,-1.47,-2.59,-2.64,-1.54,-0.85,-0.02,1.75,0.5,-1.44,-1.34,0.66,-2.59,-2.64,-1.54,-0.85,-0.02,3.11,0.26,-0.11,-3.04,-0.25,0.24,-2.32,0.6,-0.14,1.3,3.11,0.26,-0.11,-3.04,-0.25,2.39,-1.07,1.15,-1.39,0.67,0.24,-2.32,0.6,-0.14,1.3,3.52,2.5,-3.5,1.99,-0.17,-4.36,3.94,0.59,3.44,-1.59
Chmy16,2.05,-4.06,0.36,-0.82,-0.38,2.39,-1.07,1.15,-1.39,0.67,2.29,0.89,-2.49,1.49,0.31,-2.54,2.44,0.43,0.04,-1.47,-4.28,-1.3,-1.49,-0.72,0.84,3.52,2.5,-3.5,1.99,-0.17,-3.89,-1.73,-1.71,-0.84,0.26,3.98,0.93,1.93,-2.46,0.75,0.24,-2.32,0.6,-0.14,1.3,3.98,0.93,1.93,-2.46,0.75,2.39,-1.07,1.15,-1.39,0.67,0.24,-2.32,0.6,-0.14,1.3,3.52,2.5,-3.5,1.99,-0.17,3.52,2.5,-3.5,1.99,-0.17
Chmy17,2.05,-4.06,0.36,-0.82,-0.38,0.75,-2.18,-1.12,-1.46,-0.4,0.75,-2.18,-1.12,-1.46,-0.4,-4.22,1.94,1.06,0.54,-0.62,-2.59,-2.64,-1.54,-0.85,-0.02,0.75,-2.18,-1.12,-1.46,-0.4,-2.59,-2.64,-1.54,-0.85,-0.02,3.11,0.26,-0.11,-3.04,-0.25,0.24,-2.32,0.6,-0.14,1.3,3.98,0.93,1.93,-2.46,0.75,0.24,-2.32,0.6,-0.14,1.3,-4.28,-1.3,-1.49,-0.72,0.84,1.75,0.5,-1.44,-1.34,0.66,3.98,0.93,1.93,-2.46,0.75
Chmy18,2.05,-4.06,0.36,-0.82,-0.38,2.39,-1.07,1.15,-1.39,0.67,2.29,0.89,-2.49,1.49,0.31,-4.22,1.94,1.06,0.54,-0.62,-4.28,-1.3,-1.49,-0.72,0.84,3.52,2.5,-3.5,1.99,-0.17,-3.89,-1.73,-1.71,-0.84,0.26,3.98,0.93,1.93,-2.46,0.75,0.24,-2.32,0.6,-0.14,1.3,3.11,0.26,-0.11,-3.04,-0.25,2.39,-1.07,1.15,-1.39,0.67,0.24,-2.32,0.6,-0.14,1.3,1.75,0.5,-1.44,-1.34,0.66,-4.36,3.94,0.59,3.44,-1.59
Chmy19,2.05,-4.06,0.36,-0.82,-0.38,2.39,-1.07,1.15,-1.39,0.67,2.29,0.89,-2.49,1.49,0.31,-4.22,1.94,1.06,0.54,-0.62,-4.28,-1.3,-1.49,-0.72,0.84,2.47,1.95,0.26,3.9,0.09,-2.59,-2.64,-1.54,-0.85,-0.02,3.98,0.93,1.93,-2.46,0.75,0.24,-2.32,0.6,-0.14,1.3,3.11,0.26,-0.11,-3.04,-0.25,2.39,-1.07,1.15,-1.39,0.67,0.24,-2.32,0.6,-0.14,1.3,3.52,2.5,-3.5,1.99,-0.17,3.52,2.5,-3.5,1.99,-0.17
Chmy20,2.05,-4.06,0.36,-0.82,-0.38,2.39,-1.07,1.15,-1.39,0.67,-3.89,-1.73,-1.71,-0.84,0.26,3.98,0.93,1.93,-2.46,0.75,-4.28,-1.3,-1.49,-0.72,0.84,-4.28,-1.3,-1.49,-0.72,0.84,-3.89,-1.73,-1.71,-0.84,0.26,3.98,0.93,1.93,-2.46,0.75,0.24,-2.32,0.6,-0.14,1.3,3.98,0.93,1.93,-2.46,0.75,2.39,-1.07,1.15,-1.39,0.67,0.24,-2.32,0.6,-0.14,1.3,3.52,2.5,-3.5,1.99,-0.17,1.75,0.5,-1.44,-1.34,0.66
Chmy21,2.05,-4.06,0.36,-0.82,-0.38,2.39,-1.07,1.15,-1.39,0.67,2.29,0.89,-2.49,1.49,0.31,-2.54,2.44,0.43,0.04,-1.47,-2.59,-2.64,-1.54,-0.85,-0.02,3.52,2.5,-3.5,1.99,-0.17,-2.59,-2.64,-1.54,-0.85,-0.02,3.98,0.93,1.93,-2.46,0.75,0.24,-2.32,0.6,-0.14,1.3,3.11,0.26,-0.11,-3.04,-0.25,2.39,-1.07,1.15,-1.39,0.67,0.24,-2.32,0.6,-0.14,1.3,3.52,2.5,-3.5,1.99,-0.17,1.75,0.5,-1.44,-1.34,0.66
Chmy22,2.05,-4.06,0.36,-0.82,-0.38,2.39,-1.07,1.15,-1.39,0.67,-3.89,-1.73,-1.71,-0.84,0.26,-2.54,2.44,0.43,0.04,-1.47,-3.89,-1.73,-1.71,-0.84,0.26,3.52,2.5,-3.5,1.99,-0.17,-3.89,-1.73,-1.71,-0.84,0.26,3.98,0.93,1.93,-2.46,0.75,0.24,-2.32,0.6,-0.14,1.3,3.98,0.93,1.93,-2.46,0.75,2.39,-1.07,1.15,-1.39,0.67,0.24,-2.32,0.6,-0.14,1.3,3.52,2.5,-3.5,1.99,-0.17,3.52,2.5,-3.5,1.99,-0.17
Chmy23,2.05,-4.06,0.36,-0.82,-0.38,2.39,-1.07,1.15,-1.39,0.67,2.29,0.89,-2.49,1.49,0.31,-4.22,1.94,1.06,0.54,-0.62,-4.28,-1.3,-1.49,-0.72,0.84,3.52,2.5,-3.5,1.99,-0.17,-3.89,-1.73,-1.71,-0.84,0.26,3.98,0.93,1.93,-2.46,0.75,0.24,-2.32,0.6,-0.14,1.3,3.98,0.93,1.93,-2.46,0.75,2.39,-1.07,1.15,-1.39,0.67,0.24,-2.32,0.6,-0.14,1.3,3.52,2.5,-3.5,1.99,-0.17,1.75,0.5,-1.44,-1.34,0.66
Chmy24,2.05,-4.06,0.36,-0.82,-0.38,2.39,-1.07,1.15,-1.39,0.67,2.29,0.89,-2.49,1.49,0.31,-4.22,1.94,1.06,0.54,-0.62,-4.28,-1.3,-1.49,-0.72,0.84,3.52,2.5,-3.5,1.99,-0.17,-3.89,-1.73,-1.71,-0.84,0.26,3.98,0.93,1.93,-2.46,0.75,0.24,-2.32,0.6,-0.14,1.3,3.98,0.93,1.93,-2.46,0.75,2.39,-1.07,1.15,-1.39,0.67,0.24,-2.32,0.6,-0.14,1.3,3.52,2.5,-3.5,1.99,-0.17,1.75,0.5,-1.44,-1.34,0.66
Chmy25,2.05,-4.06,0.36,-0.82,-0.38,2.39,-1.07,1.15,-1.39,0.67,2.29,0.89,-2.49,1.49,0.31,-2.54,2.44,0.43,0.04,-1.47,-2.59,-2.64,-1.54,-0.85,-0.02,2.47,1.95,0.26,3.9,0.09,-3.89,-1.73,-1.71,-0.84,0.26,3.98,0.93,1.93,-2.46,0.75,0.24,-2.32,0.6,-0.14,1.3,3.11,0.26,-0.11,-3.04,-0.25,2.39,-1.07,1.15,-1.39,0.67,0.24,-2.32,0.6,-0.14,1.3,3.52,2.5,-3.5,1.99,-0.17,1.75,0.5,-1.44,-1.34,0.66
Chmy26,2.05,-4.06,0.36,-0.82,-0.38,2.39,-1.07,1.15,-1.39,0.67,2.29,0.89,-2.49,1.49,0.31,-2.54,2.44,0.43,0.04,-1.47,-4.28,-1.3,-1.49,-0.72,0.84,2.47,1.95,0.26,3.9,0.09,-2.59,-2.64,-1.54,-0.85,-0.02,3.98,0.93,1.93,-2.46,0.75,0.24,-2.32,0.6,-0.14,1.3,3.11,0.26,-0.11,-3.04,-0.25,2.39,-1.07,1.15,-1.39,0.67,0.24,-2.32,0.6,-0.14,1.3,2.05,-4.06,0.36,-0.82,-0.38,-2.54,2.44,0.43,0.04,-1.47
Chmy27,2.05,-4.06,0.36,-0.82,-0.38,2.39,-1.07,1.15,-1.39,0.67,2.29,0.89,-2.49,1.49,0.31,-4.22,1.94,1.06,0.54,-0.62,-4.28,-1.3,-1.49,-0.72,0.84,3.52,2.5,-3.5,1.99,-0.17,-3.89,-1.73,-1.71,-0.84,0.26,3.98,0.93,1.93,-2.46,0.75,0.24,-2.32,0.6,-0.14,1.3,3.98,0.93,1.93,-2.46,0.75,2.39,-1.07,1.15,-1.39,0.67,0.24,-2.32,0.6,-0.14,1.3,3.52,2.5,-3.5,1.99,-0.17,1.75,0.5,-1.44,-1.34,0.66
Chmy28,2.05,-4.06,0.36,-0.82,-0.38,2.39,-1.07,1.15,-1.39,0.67,2.29,0.89,-2.49,1.49,0.31,-4.22,1.94,1.06,0.54,-0.62,-4.28,-1.3,-1.49,-0.72,0.84,3.52,2.5,-3.5,1.99,-0.17,-2.59,-2.64,-1.54,-0.85,-0.02,3.98,0.93,1.93,-2.46,0.75,0.24,-2.32,0.6,-0.14,1.3,3.98,0.93,1.93,-2.46,0.75,2.39,-1.07,1.15,-1.39,0.67,0.24,-2.32,0.6,-0.14,1.3,2.05,-4.06,0.36,-0.82,-0.38,3.52,2.5,-3.5,1.99,-0.17
Chmy29,2.05,-4.06,0.36,-0.82,-0.38,2.39,-1.07,1.15,-1.39,0.67,-3.89,-1.73,-1.71,-0.84,0.26,-2.54,2.44,0.43,0.04,-1.47,-3.89,-1.73,-1.71,-0.84,0.26,3.52,2.5,-3.5,1.99,-0.17,-3.89,-1.73,-1.71,-0.84,0.26,3.98,0.93,1.93,-2.46,0.75,0.24,-2.32,0.6,-0.14,1.3,3.98,0.93,1.93,-2.46,0.75,2.39,-1.07,1.15,-1.39,0.67,0.24,-2.32,0.6,-0.14,1.3,3.52,2.5,-3.5,1.99,-0.17,3.52,2.5,-3.5,1.99,-0.17
Chmy30,2.05,-4.06,0.36,-0.82,-0.38,2.39,-1.07,1.15,-1.39,0.67,2.29,0.89,-2.49,1.49,0.31,-2.54,2.44,0.43,0.04,-1.47,-3.89,-1.73,-1.71,-0.84,0.26,2.47,1.95,0.26,3.9,0.09,-3.89,-1.73,-1.71,-0.84,0.26,3.98,0.93,1.93,-2.46,0.75,0.24,-2.32,0.6,-0.14,1.3,3.11,0.26,-0.11,-3.04,-0.25,2.39,-1.07,1.15,-1.39,0.67,0.24,-2.32,0.6,-0.14,1.3,3.52,2.5,-3.5,1.99,-0.17,3.11,0.26,-0.11,-3.04,-0.25
Chmy31,2.05,-4.06,0.36,-0.82,-0.38,2.39,-1.07,1.15,-1.39,0.67,2.29,0.89,-2.49,1.49,0.31,-4.22,1.94,1.06,0.54,-0.62,-4.28,-1.3,-1.49,-0.72,0.84,3.52,2.5,-3.5,1.99,-0.17,-3.89,-1.73,-1.71,-0.84,0.26,3.98,0.93,1.93,-2.46,0.75,0.24,-2.32,0.6,-0.14,1.3,3.11,0.26,-0.11,-3.04,-0.25,2.39,-1.07,1.15,-1.39,0.67,0.24,-2.32,0.6,-0.14,1.3,-2.54,2.44,0.43,0.04,-1.47,-4.36,3.94,0.59,3.44,-1.59
Chmy32,2.05,-4.06,0.36,-0.82,-0.38,2.39,-1.07,1.15,-1.39,0.67,2.29,0.89,-2.49,1.49,0.31,-2.54,2.44,0.43,0.04,-1.47,-4.28,-1.3,-1.49,-0.72,0.84,3.52,2.5,-3.5,1.99,-0.17,-3.89,-1.73,-1.71,-0.84,0.26,3.98,0.93,1.93,-2.46,0.75,0.24,-2.32,0.6,-0.14,1.3,3.98,0.93,1.93,-2.46,0.75,2.39,-1.07,1.15,-1.39,0.67,0.24,-2.32,0.6,-0.14,1.3,3.52,2.5,-3.5,1.99,-0.17,3.11,0.26,-0.11,-3.04,-0.25
Chmy33,2.05,-4.06,0.36,-0.82,-0.38,2.39,-1.07,1.15,-1.39,0.67,2.29,0.89,-2.49,1.49,0.31,-2.54,2.44,0.43,0.04,-1.47,-3.89,-1.73,-1.71,-0.84,0.26,2.47,1.95,0.26,3.9,0.09,-2.59,-2.64,-1.54,-0.85,-0.02,3.98,0.93,1.93,-2.46,0.75,0.24,-2.32,0.6,-0.14,1.3,3.11,0.26,-0.11,-3.04,-0.25,2.39,-1.07,1.15,-1.39,0.67,0.24,-2.32,0.6,-0.14,1.3,3.52,2.5,-3.5,1.99,-0.17,1.75,0.5,-1.44,-1.34,0.66
Chmy34,2.05,-4.06,0.36,-0.82,-0.38,0.75,-2.18,-1.12,-1.46,-0.4,0.75,-2.18,-1.12,-1.46,-0.4,-4.22,1.94,1.06,0.54,-0.62,-2.59,-2.64,-1.54,-0.85,-0.02,0.75,-2.18,-1.12,-1.46,-0.4,-2.59,-2.64,-1.54,-0.85,-0.02,3.11,0.26,-0.11,-3.04,-0.25,0.24,-2.32,0.6,-0.14,1.3,3.98,0.93,1.93,-2.46,0.75,0.24,-2.32,0.6,-0.14,1.3,-4.28,-1.3,-1.49,-0.72,0.84,1.75,0.5,-1.44,-1.34,0.66,3.98,0.93,1.93,-2.46,0.75
Chmy35,2.05,-4.06,0.36,-0.82,-0.38,0.75,-2.18,-1.12,-1.46,-0.4,0.75,-2.18,-1.12,-1.46,-0.4,-2.54,2.44,0.43,0.04,-1.47,-2.59,-2.64,-1.54,-0.85,-0.02,0.75,-2.18,-1.12,-1.46,-0.4,-2.59,-2.64,-1.54,-0.85,-0.02,3.11,0.26,-0.11,-3.04,-0.25,0.24,-2.32,0.6,-0.14,1.3,3.98,0.93,1.93,-2.46,0.75,0.24,-2.32,0.6,-0.14,1.3,-4.28,-1.3,-1.49,-0.72,0.84,3.52,2.5,-3.5,1.99,-0.17,3.52,2.5,-3.5,1.99,-0.17
Chmy36,2.05,-4.06,0.36,-0.82,-0.38,2.39,-1.07,1.15,-1.39,0.67,-3.89,-1.73,-1.71,-0.84,0.26,3.98,0.93,1.93,-2.46,0.75,-4.28,-1.3,-1.49,-0.72,0.84,-4.28,-1.3,-1.49,-0.72,0.84,-3.89,-1.73,-1.71,-0.84,0.26,3.98,0.93,1.93,-2.46,0.75,0.24,-2.32,0.6,-0.14,1.3,3.98,0.93,1.93,-2.46,0.75,2.39,-1.07,1.15,-1.39,0.67,0.24,-2.32,0.6,-0.14,1.3,3.52,2.5,-3.5,1.99,-0.17,1.75,0.5,-1.44,-1.34,0.66
Chmy37,2.05,-4.06,0.36,-0.82,-0.38,2.39,-1.07,1.15,-1.39,0.67,2.29,0.89,-2.49,1.49,0.31,-4.22,1.94,1.06,0.54,-0.62,-4.28,-1.3,-1.49,-0.72,0.84,3.52,2.5,-3.5,1.99,-0.17,-3.89,-1.73,-1.71,-0.84,0.26,3.98,0.93,1.93,-2.46,0.75,0.24,-2.32,0.6,-0.14,1.3,3.98,0.93,1.93,-2.46,0.75,2.39,-1.07,1.15,-1.39,0.67,0.24,-2.32,0.6,-0.14,1.3,-2.54,2.44,0.43,0.04,-1.47,-4.36,3.94,0.59,3.44,-1.59
Chmy38,2.05,-4.06,0.36,-0.82,-0.38,2.39,-1.07,1.15,-1.39,0.67,-3.89,-1.73,-1.71,-0.84,0.26,-2.54,2.44,0.43,0.04,-1.47,-4.28,-1.3,-1.49,-0.72,0.84,3.52,2.5,-3.5,1.99,-0.17,-3.89,-1.73,-1.71,-0.84,0.26,3.98,0.93,1.93,-2.46,0.75,0.24,-2.32,0.6,-0.14,1.3,3.98,0.93,1.93,-2.46,0.75,2.39,-1.07,1.15,-1.39,0.67,0.24,-2.32,0.6,-0.14,1.3,3.52,2.5,-3.5,1.99,-0.17,-4.36,3.94,0.59,3.44,-1.59
Chmy39,2.05,-4.06,0.36,-0.82,-0.38,2.39,-1.07,1.15,-1.39,0.67,2.29,0.89,-2.49,1.49,0.31,-2.54,2.44,0.43,0.04,-1.47,-4.28,-1.3,-1.49,-0.72,0.84,2.47,1.95,0.26,3.9,0.09,-3.89,-1.73,-1.71,-0.84,0.26,3.98,0.93,1.93,-2.46,0.75,0.24,-2.32,0.6,-0.14,1.3,3.11,0.26,-0.11,-3.04,-0.25,2.39,-1.07,1.15,-1.39,0.67,0.24,-2.32,0.6,-0.14,1.3,-2.54,2.44,0.43,0.04,-1.47,-4.36,3.94,0.59,3.44,-1.59
Chmy40,2.05,-4.06,0.36,-0.82,-0.38,2.39,-1.07,1.15,-1.39,0.67,2.29,0.89,-2.49,1.49,0.31,-4.22,1.94,1.06,0.54,-0.62,-4.28,-1.3,-1.49,-0.72,0.84,2.47,1.95,0.26,3.9,0.09,-2.59,-2.64,-1.54,-0.85,-0.02,3.98,0.93,1.93,-2.46,0.75,0.24,-2.32,0.6,-0.14,1.3,3.11,0.26,-0.11,-3.04,-0.25,2.39,-1.07,1.15,-1.39,0.67,0.24,-2.32,0.6,-0.14,1.3,3.52,2.5,-3.5,1.99,-0.17,1.75,0.5,-1.44,-1.34,0.66
Chmy41,3.05,1.62,1.04,-1.15,1.61,0.75,-2.18,-1.12,-1.46,-0.4,0.75,-2.18,-1.12,-1.46,-0.4,3.98,0.93,1.93,-2.46,0.75,-4.28,-1.3,-1.49,-0.72,0.84,0.75,-2.18,-1.12,-1.46,-0.4,-3.89,-1.73,-1.71,-0.84,0.26,3.98,0.93,1.93,-2.46,0.75,0.24,-2.32,0.6,-0.14,1.3,3.11,0.26,-0.11,-3.04,-0.25,3.11,0.26,-0.11,-3.04,-0.25,3.05,1.62,1.04,-1.15,1.61,2.05,-4.06,0.36,-0.82,-0.38,-4.36,3.94,0.59,3.44,-1.59
Chmy42,2.05,-4.06,0.36,-0.82,-0.38,2.39,-1.07,1.15,-1.39,0.67,2.29,0.89,-2.49,1.49,0.31,-2.54,2.44,0.43,0.04,-1.47,-4.28,-1.3,-1.49,-0.72,0.84,3.52,2.5,-3.5,1.99,-0.17,-2.59,-2.64,-1.54,-0.85,-0.02,3.98,0.93,1.93,-2.46,0.75,0.24,-2.32,0.6,-0.14,1.3,3.11,0.26,-0.11,-3.04,-0.25,2.39,-1.07,1.15,-1.39,0.67,0.24,-2.32,0.6,-0.14,1.3,3.52,2.5,-3.5,1.99,-0.17,-2.54,2.44,0.43,0.04,-1.47
Chmy43,2.05,-4.06,0.36,-0.82,-0.38,2.39,-1.07,1.15,-1.39,0.67,2.29,0.89,-2.49,1.49,0.31,-2.54,2.44,0.43,0.04,-1.47,-4.28,-1.3,-1.49,-0.72,0.84,2.47,1.95,0.26,3.9,0.09,-3.89,-1.73,-1.71,-0.84,0.26,3.98,0.93,1.93,-2.46,0.75,0.24,-2.32,0.6,-0.14,1.3,3.11,0.26,-0.11,-3.04,-0.25,2.39,-1.07,1.15,-1.39,0.67,0.24,-2.32,0.6,-0.14,1.3,3.52,2.5,-3.5,1.99,-0.17,3.11,0.26,-0.11,-3.04,-0.25
Chmy44,2.05,-4.06,0.36,-0.82,-0.38,2.39,-1.07,1.15,-1.39,0.67,2.29,0.89,-2.49,1.49,0.31,-2.54,2.44,0.43,0.04,-1.47,-4.28,-1.3,-1.49,-0.72,0.84,2.47,1.95,0.26,3.9,0.09,-3.89,-1.73,-1.71,-0.84,0.26,3.98,0.93,1.93,-2.46,0.75,0.24,-2.32,0.6,-0.14,1.3,3.11,0.26,-0.11,-3.04,-0.25,2.39,-1.07,1.15,-1.39,0.67,0.24,-2.32,0.6,-0.14,1.3,3.52,2.5,-3.5,1.99,-0.17,3.11,0.26,-0.11,-3.04,-0.25
Chmy45,2.05,-4.06,0.36,-0.82,-0.38,2.39,-1.07,1.15,-1.39,0.67,2.29,0.89,-2.49,1.49,0.31,-4.22,1.94,1.06,0.54,-0.62,-4.28,-1.3,-1.49,-0.72,0.84,3.52,2.5,-3.5,1.99,-0.17,-3.89,-1.73,-1.71,-0.84,0.26,3.98,0.93,1.93,-2.46,0.75,0.24,-2.32,0.6,-0.14,1.3,3.98,0.93,1.93,-2.46,0.75,2.39,-1.07,1.15,-1.39,0.67,0.24,-2.32,0.6,-0.14,1.3,3.52,2.5,-3.5,1.99,-0.17,1.75,0.5,-1.44,-1.34,0.66
Chmy46,2.05,-4.06,0.36,-0.82,-0.38,2.39,-1.07,1.15,-1.39,0.67,2.29,0.89,-2.49,1.49,0.31,-2.54,2.44,0.43,0.04,-1.47,-4.28,-1.3,-1.49,-0.72,0.84,2.47,1.95,0.26,3.9,0.09,-3.89,-1.73,-1.71,-0.84,0.26,3.98,0.93,1.93,-2.46,0.75,2.05,-4.06,0.36,-0.82,-0.38,3.98,0.93,1.93,-2.46,0.75,2.39,-1.07,1.15,-1.39,0.67,0.24,-2.32,0.6,-0.14,1.3,3.52,2.5,-3.5,1.99,-0.17,3.52,2.5,-3.5,1.99,-0.17
Chmy47,2.05,-4.06,0.36,-0.82,-0.38,2.39,-1.07,1.15,-1.39,0.67,2.29,0.89,-2.49,1.49,0.31,3.98,0.93,1.93,-2.46,0.75,-3.89,-1.73,-1.71,-0.84,0.26,2.47,1.95,0.26,3.9,0.09,-2.59,-2.64,-1.54,-0.85,-0.02,3.11,0.26,-0.11,-3.04,-0.25,0.24,-2.32,0.6,-0.14,1.3,3.98,0.93,1.93,-2.46,0.75,2.39,-1.07,1.15,-1.39,0.67,0.24,-2.32,0.6,-0.14,1.3,-2.54,2.44,0.43,0.04,-1.47,-4.36,3.94,0.59,3.44,-1.59
Chmy48,3.05,1.62,1.04,-1.15,1.61,0.75,-2.18,-1.12,-1.46,-0.4,0.75,-2.18,-1.12,-1.46,-0.4,3.98,0.93,1.93,-2.46,0.75,-4.28,-1.3,-1.49,-0.72,0.84,0.75,-2.18,-1.12,-1.46,-0.4,-3.89,-1.73,-1.71,-0.84,0.26,3.98,0.93,1.93,-2.46,0.75,0.24,-2.32,0.6,-0.14,1.3,3.11,0.26,-0.11,-3.04,-0.25,2.05,-4.06,0.36,-0.82,-0.38,3.05,1.62,1.04,-1.15,1.61,3.52,2.5,-3.5,1.99,-0.17,-4.36,3.94,0.59,3.44,-1.59
Chmy49,3.05,1.62,1.04,-1.15,1.61,-2.59,-2.64,-1.54,-0.85,-0.02,-3.89,-1.73,-1.71,-0.84,0.26,3.98,0.93,1.93,-2.46,0.75,-4.28,-1.3,-1.49,-0.72,0.84,0.75,-2.18,-1.12,-1.46,-0.4,-3.89,-1.73,-1.71,-0.84,0.26,3.11,0.26,-0.11,-3.04,-0.25,0.24,-2.32,0.6,-0.14,1.3,3.11,0.26,-0.11,-3.04,-0.25,-2.59,-2.64,-1.54,-0.85,-0.02,3.05,1.62,1.04,-1.15,1.61,1.75,0.5,-1.44,-1.34,0.66,-4.36,3.94,0.59,3.44,-1.59
Chmy50,2.05,-4.06,0.36,-0.82,-0.38,2.39,-1.07,1.15,-1.39,0.67,2.29,0.89,-2.49,1.49,0.31,-2.54,2.44,0.43,0.04,-1.47,-4.28,-1.3,-1.49,-0.72,0.84,2.47,1.95,0.26,3.9,0.09,-3.89,-1.73,-1.71,-0.84,0.26,3.98,0.93,1.93,-2.46,0.75,0.24,-2.32,0.6,-0.14,1.3,3.98,0.93,1.93,-2.46,0.75,2.39,-1.07,1.15,-1.39,0.67,0.24,-2.32,0.6,-0.14,1.3,2.05,-4.06,0.36,-0.82,-0.38,3.52,2.5,-3.5,1.99,-0.17
Chmy51,2.05,-4.06,0.36,-0.82,-0.38,-2.59,-2.64,-1.54,-0.85,-0.02,-3.89,-1.73,-1.71,-0.84,0.26,3.98,0.93,1.93,-2.46,0.75,-4.28,-1.3,-1.49,-0.72,0.84,0.75,-2.18,-1.12,-1.46,-0.4,-3.89,-1.73,-1.71,-0.84,0.26,2.47,1.95,0.26,3.9,0.09,0.24,-2.32,0.6,-0.14,1.3,3.11,0.26,-0.11,-3.04,-0.25,2.47,1.95,0.26,3.9,0.09,3.05,1.62,1.04,-1.15,1.61,2.05,-4.06,0.36,-0.82,-0.38,-4.36,3.94,0.59,3.44,-1.59
Chmy52,2.05,-4.06,0.36,-0.82,-0.38,2.39,-1.07,1.15,-1.39,0.67,2.29,0.89,-2.49,1.49,0.31,-2.54,2.44,0.43,0.04,-1.47,-3.89,-1.73,-1.71,-0.84,0.26,2.47,1.95,0.26,3.9,0.09,-2.59,-2.64,-1.54,-0.85,-0.02,3.98,0.93,1.93,-2.46,0.75,0.24,-2.32,0.6,-0.14,1.3,3.11,0.26,-0.11,-3.04,-0.25,2.39,-1.07,1.15,-1.39,0.67,0.24,-2.32,0.6,-0.14,1.3,3.52,2.5,-3.5,1.99,-0.17,1.75,0.5,-1.44,-1.34,0.66
Chmy53,2.05,-4.06,0.36,-0.82,-0.38,2.39,-1.07,1.15,-1.39,0.67,2.29,0.89,-2.49,1.49,0.31,-2.54,2.44,0.43,0.04,-1.47,-4.28,-1.3,-1.49,-0.72,0.84,2.47,1.95,0.26,3.9,0.09,-3.89,-1.73,-1.71,-0.84,0.26,3.98,0.93,1.93,-2.46,0.75,0.24,-2.32,0.6,-0.14,1.3,3.11,0.26,-0.11,-3.04,-0.25,2.39,-1.07,1.15,-1.39,0.67,0.24,-2.32,0.6,-0.14,1.3,-2.54,2.44,0.43,0.04,-1.47,-4.36,3.94,0.59,3.44,-1.59
Chmy54,2.05,-4.06,0.36,-0.82,-0.38,0.75,-2.18,-1.12,-1.46,-0.4,0.75,-2.18,-1.12,-1.46,-0.4,-2.54,2.44,0.43,0.04,-1.47,-2.59,-2.64,-1.54,-0.85,-0.02,0.75,-2.18,-1.12,-1.46,-0.4,-2.59,-2.64,-1.54,-0.85,-0.02,3.11,0.26,-0.11,-3.04,-0.25,0.24,-2.32,0.6,-0.14,1.3,3.98,0.93,1.93,-2.46,0.75,0.24,-2.32,0.6,-0.14,1.3,-4.28,-1.3,-1.49,-0.72,0.84,2.05,-4.06,0.36,-0.82,-0.38,3.52,2.5,-3.5,1.99,-0.17
Chmy55,3.05,1.62,1.04,-1.15,1.61,-2.59,-2.64,-1.54,-0.85,-0.02,-3.89,-1.73,-1.71,-0.84,0.26,3.98,0.93,1.93,-2.46,0.75,-4.28,-1.3,-1.49,-0.72,0.84,0.75,-2.18,-1.12,-1.46,-0.4,-3.89,-1.73,-1.71,-0.84,0.26,3.98,0.93,1.93,-2.46,0.75,0.24,-2.32,0.6,-0.14,1.3,3.11,0.26,-0.11,-3.04,-0.25,-2.59,-2.64,-1.54,-0.85,-0.02,3.05,1.62,1.04,-1.15,1.61,1.75,0.5,-1.44,-1.34,0.66,-4.36,3.94,0.59,3.44,-1.59
Chmy56,2.05,-4.06,0.36,-0.82,-0.38,2.39,-1.07,1.15,-1.39,0.67,-3.89,-1.73,-1.71,-0.84,0.26,3.98,0.93,1.93,-2.46,0.75,-4.28,-1.3,-1.49,-0.72,0.84,3.52,2.5,-3.5,1.99,-0.17,-2.59,-2.64,-1.54,-0.85,-0.02,3.98,0.93,1.93,-2.46,0.75,0.24,-2.32,0.6,-0.14,1.3,3.98,0.93,1.93,-2.46,0.75,2.39,-1.07,1.15,-1.39,0.67,0.24,-2.32,0.6,-0.14,1.3,3.52,2.5,-3.5,1.99,-0.17,1.75,0.5,-1.44,-1.34,0.66
Chmy57,2.05,-4.06,0.36,-0.82,-0.38,0.75,-2.18,-1.12,-1.46,-0.4,0.75,-2.18,-1.12,-1.46,-0.4,-4.22,1.94,1.06,0.54,-0.62,-2.59,-2.64,-1.54,-0.85,-0.02,0.75,-2.18,-1.12,-1.46,-0.4,-2.59,-2.64,-1.54,-0.85,-0.02,3.11,0.26,-0.11,-3.04,-0.25,0.24,-2.32,0.6,-0.14,1.3,3.98,0.93,1.93,-2.46,0.75,0.24,-2.32,0.6,-0.14,1.3,-4.28,-1.3,-1.49,-0.72,0.84,1.75,0.5,-1.44,-1.34,0.66,3.98,0.93,1.93,-2.46,0.75
Chmy58,2.05,-4.06,0.36,-0.82,-0.38,2.39,-1.07,1.15,-1.39,0.67,-3.89,-1.73,-1.71,-0.84,0.26,3.98,0.93,1.93,-2.46,0.75,-4.28,-1.3,-1.49,-0.72,0.84,0.75,-2.18,-1.12,-1.46,-0.4,-2.59,-2.64,-1.54,-0.85,-0.02,3.11,0.26,-0.11,-3.04,-0.25,0.24,-2.32,0.6,-0.14,1.3,3.98,0.93,1.93,-2.46,0.75,2.39,-1.07,1.15,-1.39,0.67,0.24,-2.32,0.6,-0.14,1.3,3.52,2.5,-3.5,1.99,-0.17,3.52,2.5,-3.5,1.99,-0.17
Chmy59,2.05,-4.06,0.36,-0.82,-0.38,2.39,-1.07,1.15,-1.39,0.67,2.29,0.89,-2.49,1.49,0.31,-2.54,2.44,0.43,0.04,-1.47,-4.28,-1.3,-1.49,-0.72,0.84,3.52,2.5,-3.5,1.99,-0.17,-2.59,-2.64,-1.54,-0.85,-0.02,3.98,0.93,1.93,-2.46,0.75,0.24,-2.32,0.6,-0.14,1.3,3.98,0.93,1.93,-2.46,0.75,2.39,-1.07,1.15,-1.39,0.67,0.24,-2.32,0.6,-0.14,1.3,3.52,2.5,-3.5,1.99,-0.17,3.11,0.26,-0.11,-3.04,-0.25
Chmy60,2.05,-4.06,0.36,-0.82,-0.38,2.39,-1.07,1.15,-1.39,0.67,2.29,0.89,-2.49,1.49,0.31,-2.54,2.44,0.43,0.04,-1.47,-3.89,-1.73,-1.71,-0.84,0.26,3.52,2.5,-3.5,1.99,-0.17,-3.89,-1.73,-1.71,-0.84,0.26,3.98,0.93,1.93,-2.46,0.75,0.24,-2.32,0.6,-0.14,1.3,3.11,0.26,-0.11,-3.04,-0.25,2.39,-1.07,1.15,-1.39,0.67,0.24,-2.32,0.6,-0.14,1.3,3.52,2.5,-3.5,1.99,-0.17,3.11,0.26,-0.11,-3.04,-0.25
Chmy61,3.05,1.62,1.04,-1.15,1.61,-2.59,-2.64,-1.54,-0.85,-0.02,-3.89,-1.73,-1.71,-0.84,0.26,3.98,0.93,1.93,-2.46,0.75,-4.28,-1.3,-1.49,-0.72,0.84,0.75,-2.18,-1.12,-1.46,-0.4,-3.89,-1.73,-1.71,-0.84,0.26,3.98,0.93,1.93,-2.46,0.75,0.24,-2.32,0.6,-0.14,1.3,3.11,0.26,-0.11,-3.04,-0.25,-4.28,-1.3,-1.49,-0.72,0.84,3.05,1.62,1.04,-1.15,1.61,1.75,0.5,-1.44,-1.34,0.66,-4.36,3.94,0.59,3.44,-1.59
Chmy62,3.05,1.62,1.04,-1.15,1.61,0.75,-2.18,-1.12,-1.46,-0.4,0.75,-2.18,-1.12,-1.46,-0.4,3.98,0.93,1.93,-2.46,0.75,-4.28,-1.3,-1.49,-0.72,0.84,0.75,-2.18,-1.12,-1.46,-0.4,-3.89,-1.73,-1.71,-0.84,0.26,3.98,0.93,1.93,-2.46,0.75,0.24,-2.32,0.6,-0.14,1.3,3.11,0.26,-0.11,-3.04,-0.25,2.05,-4.06,0.36,-0.82,-0.38,3.05,1.62,1.04,-1.15,1.61,3.52,2.5,-3.5,1.99,-0.17,-4.36,3.94,0.59,3.44,-1.59
Chmy63,3.05,1.62,1.04,-1.15,1.61,0.75,-2.18,-1.12,-1.46,-0.4,0.75,-2.18,-1.12,-1.46,-0.4,3.98,0.93,1.93,-2.46,0.75,-4.28,-1.3,-1.49,-0.72,0.84,0.75,-2.18,-1.12,-1.46,-0.4,-3.89,-1.73,-1.71,-0.84,0.26,3.98,0.93,1.93,-2.46,0.75,0.24,-2.32,0.6,-0.14,1.3,3.11,0.26,-0.11,-3.04,-0.25,3.11,0.26,-0.11,-3.04,-0.25,3.05,1.62,1.04,-1.15,1.61,2.05,-4.06,0.36,-0.82,-0.38,-4.36,3.94,0.59,3.44,-1.59
Chmy64,2.05,-4.06,0.36,-0.82,-0.38,2.39,-1.07,1.15,-1.39,0.67,2.29,0.89,-2.49,1.49,0.31,-2.54,2.44,0.43,0.04,-1.47,-2.59,-2.64,-1.54,-0.85,-0.02,3.52,2.5,-3.5,1.99,-0.17,-2.59,-2.64,-1.54,-0.85,-0.02,3.98,0.93,1.93,-2.46,0.75,0.24,-2.32,0.6,-0.14,1.3,3.11,0.26,-0.11,-3.04,-0.25,2.39,-1.07,1.15,-1.39,0.67,0.24,-2.32,0.6,-0.14,1.3,2.05,-4.06,0.36,-0.82,-0.38,-2.54,2.44,0.43,0.04,-1.47
Chmy65,2.05,-4.06,0.36,-0.82,-0.38,2.39,-1.07,1.15,-1.39,0.67,2.29,0.89,-2.49,1.49,0.31,-2.54,2.44,0.43,0.04,-1.47,-4.28,-1.3,-1.49,-0.72,0.84,2.47,1.95,0.26,3.9,0.09,-3.89,-1.73,-1.71,-0.84,0.26,3.98,0.93,1.93,-2.46,0.75,0.24,-2.32,0.6,-0.14,1.3,3.98,0.93,1.93,-2.46,0.75,2.39,-1.07,1.15,-1.39,0.67,0.24,-2.32,0.6,-0.14,1.3,3.52,2.5,-3.5,1.99,-0.17,3.52,2.5,-3.5,1.99,-0.17
Chmy66,2.05,-4.06,0.36,-0.82,-0.38,2.39,-1.07,1.15,-1.39,0.67,2.29,0.89,-2.49,1.49,0.31,-2.54,2.44,0.43,0.04,-1.47,-4.28,-1.3,-1.49,-0.72,0.84,3.52,2.5,-3.5,1.99,-0.17,-3.89,-1.73,-1.71,-0.84,0.26,3.98,0.93,1.93,-2.46,0.75,0.24,-2.32,0.6,-0.14,1.3,3.11,0.26,-0.11,-3.04,-0.25,2.39,-1.07,1.15,-1.39,0.67,0.24,-2.32,0.6,-0.14,1.3,-2.54,2.44,0.43,0.04,-1.47,-4.36,3.94,0.59,3.44,-1.59
Chmy67,3.05,1.62,1.04,-1.15,1.61,-2.59,-2.64,-1.54,-0.85,-0.02,-3.89,-1.73,-1.71,-0.84,0.26,3.98,0.93,1.93,-2.46,0.75,-4.28,-1.3,-1.49,-0.72,0.84,0.75,-2.18,-1.12,-1.46,-0.4,-3.89,-1.73,-1.71,-0.84,0.26,3.11,0.26,-0.11,-3.04,-0.25,0.24,-2.32,0.6,-0.14,1.3,3.11,0.26,-0.11,-3.04,-0.25,-4.28,-1.3,-1.49,-0.72,0.84,3.05,1.62,1.04,-1.15,1.61,1.75,0.5,-1.44,-1.34,0.66,-4.36,3.94,0.59,3.44,-1.59
Chmy68,2.05,-4.06,0.36,-0.82,-0.38,2.39,-1.07,1.15,-1.39,0.67,2.29,0.89,-2.49,1.49,0.31,-2.54,2.44,0.43,0.04,-1.47,-2.59,-2.64,-1.54,-0.85,-0.02,3.52,2.5,-3.5,1.99,-0.17,-2.59,-2.64,-1.54,-0.85,-0.02,3.11,0.26,-0.11,-3.04,-0.25,0.24,-2.32,0.6,-0.14,1.3,3.98,0.93,1.93,-2.46,0.75,2.39,-1.07,1.15,-1.39,0.67,0.24,-2.32,0.6,-0.14,1.3,2.05,-4.06,0.36,-0.82,-0.38,-2.54,2.44,0.43,0.04,-1.47
Chmy69,2.05,-4.06,0.36,-0.82,-0.38,2.39,-1.07,1.15,-1.39,0.67,2.29,0.89,-2.49,1.49,0.31,-4.22,1.94,1.06,0.54,-0.62,-4.28,-1.3,-1.49,-0.72,0.84,3.52,2.5,-3.5,1.99,-0.17,-3.89,-1.73,-1.71,-0.84,0.26,3.98,0.93,1.93,-2.46,0.75,0.24,-2.32,0.6,-0.14,1.3,3.11,0.26,-0.11,-3.04,-0.25,2.39,-1.07,1.15,-1.39,0.67,0.24,-2.32,0.6,-0.14,1.3,1.75,0.5,-1.44,-1.34,0.66,-4.36,3.94,0.59,3.44,-1.59
Chmy70,2.05,-4.06,0.36,-0.82,-0.38,2.39,-1.07,1.15,-1.39,0.67,2.29,0.89,-2.49,1.49,0.31,-2.54,2.44,0.43,0.04,-1.47,-4.28,-1.3,-1.49,-0.72,0.84,-4.36,3.94,0.59,3.44,-1.59,-3.89,-1.73,-1.71,-0.84,0.26,3.98,0.93,1.93,-2.46,0.75,0.24,-2.32,0.6,-0.14,1.3,3.98,0.93,1.93,-2.46,0.75,2.39,-1.07,1.15,-1.39,0.67,0.24,-2.32,0.6,-0.14,1.3,1.75,0.5,-1.44,-1.34,0.66,-4.36,3.94,0.59,3.44,-1.59
Chmy71,2.05,-4.06,0.36,-0.82,-0.38,2.39,-1.07,1.15,-1.39,0.67,2.29,0.89,-2.49,1.49,0.31,-2.54,2.44,0.43,0.04,-1.47,-4.28,-1.3,-1.49,-0.72,0.84,3.52,2.5,-3.5,1.99,-0.17,-3.89,-1.73,-1.71,-0.84,0.26,3.98,0.93,1.93,-2.46,0.75,0.24,-2.32,0.6,-0.14,1.3,3.11,0.26,-0.11,-3.04,-0.25,2.39,-1.07,1.15,-1.39,0.67,0.24,-2.32,0.6,-0.14,1.3,3.52,2.5,-3.5,1.99,-0.17,3.11,0.26,-0.11,-3.04,-0.25
Chmy72,2.05,-4.06,0.36,-0.82,-0.38,2.39,-1.07,1.15,-1.39,0.67,2.29,0.89,-2.49,1.49,0.31,-2.54,2.44,0.43,0.04,-1.47,-4.28,-1.3,-1.49,-0.72,0.84,2.47,1.95,0.26,3.9,0.09,-3.89,-1.73,-1.71,-0.84,0.26,3.98,0.93,1.93,-2.46,0.75,2.05,-4.06,0.36,-0.82,-0.38,3.98,0.93,1.93,-2.46,0.75,2.39,-1.07,1.15,-1.39,0.67,0.24,-2.32,0.6,-0.14,1.3,3.52,2.5,-3.5,1.99,-0.17,-4.36,3.94,0.59,3.44,-1.59
Chmy73,2.05,-4.06,0.36,-0.82,-0.38,2.39,-1.07,1.15,-1.39,0.67,-3.89,-1.73,-1.71,-0.84,0.26,3.98,0.93,1.93,-2.46,0.75,-4.28,-1.3,-1.49,-0.72,0.84,0.75,-2.18,-1.12,-1.46,-0.4,-2.59,-2.64,-1.54,-0.85,-0.02,3.11,0.26,-0.11,-3.04,-0.25,0.24,-2.32,0.6,-0.14,1.3,3.98,0.93,1.93,-2.46,0.75,2.39,-1.07,1.15,-1.39,0.67,0.24,-2.32,0.6,-0.14,1.3,2.05,-4.06,0.36,-0.82,-0.38,-4.36,3.94,0.59,3.44,-1.59
Chmy74,2.05,-4.06,0.36,-0.82,-0.38,0.75,-2.18,-1.12,-1.46,-0.4,0.75,-2.18,-1.12,-1.46,-0.4,-2.54,2.44,0.43,0.04,-1.47,-2.59,-2.64,-1.54,-0.85,-0.02,0.75,-2.18,-1.12,-1.46,-0.4,-2.59,-2.64,-1.54,-0.85,-0.02,3.11,0.26,-0.11,-3.04,-0.25,0.24,-2.32,0.6,-0.14,1.3,3.98,0.93,1.93,-2.46,0.75,0.24,-2.32,0.6,-0.14,1.3,-4.28,-1.3,-1.49,-0.72,0.84,2.05,-4.06,0.36,-0.82,-0.38,3.52,2.5,-3.5,1.99,-0.17
Chmy75,2.05,-4.06,0.36,-0.82,-0.38,2.39,-1.07,1.15,-1.39,0.67,2.29,0.89,-2.49,1.49,0.31,-2.54,2.44,0.43,0.04,-1.47,-2.59,-2.64,-1.54,-0.85,-0.02,2.47,1.95,0.26,3.9,0.09,-3.89,-1.73,-1.71,-0.84,0.26,3.98,0.93,1.93,-2.46,0.75,0.24,-2.32,0.6,-0.14,1.3,3.98,0.93,1.93,-2.46,0.75,2.39,-1.07,1.15,-1.39,0.67,0.24,-2.32,0.6,-0.14,1.3,1.75,0.5,-1.44,-1.34,0.66,-4.36,3.94,0.59,3.44,-1.59
Chmy76,2.05,-4.06,0.36,-0.82,-0.38,2.39,-1.07,1.15,-1.39,0.67,2.29,0.89,-2.49,1.49,0.31,-4.22,1.94,1.06,0.54,-0.62,-4.28,-1.3,-1.49,-0.72,0.84,2.47,1.95,0.26,3.9,0.09,-3.89,-1.73,-1.71,-0.84,0.26,3.98,0.93,1.93,-2.46,0.75,0.24,-2.32,0.6,-0.14,1.3,3.11,0.26,-0.11,-3.04,-0.25,2.39,-1.07,1.15,-1.39,0.67,0.24,-2.32,0.6,-0.14,1.3,1.75,0.5,-1.44,-1.34,0.66,-4.36,3.94,0.59,3.44,-1.59
Chmy77,2.05,-4.06,0.36,-0.82,-0.38,2.39,-1.07,1.15,-1.39,0.67,-3.89,-1.73,-1.71,-0.84,0.26,-2.54,2.44,0.43,0.04,-1.47,-3.89,-1.73,-1.71,-0.84,0.26,3.52,2.5,-3.5,1.99,-0.17,-3.89,-1.73,-1.71,-0.84,0.26,3.98,0.93,1.93,-2.46,0.75,0.24,-2.32,0.6,-0.14,1.3,3.98,0.93,1.93,-2.46,0.75,2.39,-1.07,1.15,-1.39,0.67,0.24,-2.32,0.6,-0.14,1.3,3.52,2.5,-3.5,1.99,-0.17,3.52,2.5,-3.5,1.99,-0.17
Chmy78,2.05,-4.06,0.36,-0.82,-0.38,0.75,-2.18,-1.12,-1.46,-0.4,0.75,-2.18,-1.12,-1.46,-0.4,-2.54,2.44,0.43,0.04,-1.47,-2.59,-2.64,-1.54,-0.85,-0.02,0.75,-2.18,-1.12,-1.46,-0.4,-2.59,-2.64,-1.54,-0.85,-0.02,3.11,0.26,-0.11,-3.04,-0.25,0.24,-2.32,0.6,-0.14,1.3,3.98,0.93,1.93,-2.46,0.75,0.24,-2.32,0.6,-0.14,1.3,-4.28,-1.3,-1.49,-0.72,0.84,3.52,2.5,-3.5,1.99,-0.17,3.52,2.5,-3.5,1.99,-0.17
Chmy79,3.05,1.62,1.04,-1.15,1.61,-2.59,-2.64,-1.54,-0.85,-0.02,-3.89,-1.73,-1.71,-0.84,0.26,3.98,0.93,1.93,-2.46,0.75,-4.28,-1.3,-1.49,-0.72,0.84,0.75,-2.18,-1.12,-1.46,-0.4,-3.89,-1.73,-1.71,-0.84,0.26,3.11,0.26,-0.11,-3.04,-0.25,0.24,-2.32,0.6,-0.14,1.3,3.11,0.26,-0.11,-3.04,-0.25,-2.59,-2.64,-1.54,-0.85,-0.02,3.05,1.62,1.04,-1.15,1.61,1.75,0.5,-1.44,-1.34,0.66,-4.36,3.94,0.59,3.44,-1.59
Chmy80,2.05,-4.06,0.36,-0.82,-0.38,2.39,-1.07,1.15,-1.39,0.67,2.29,0.89,-2.49,1.49,0.31,-2.54,2.44,0.43,0.04,-1.47,-2.59,-2.64,-1.54,-0.85,-0.02,3.52,2.5,-3.5,1.99,-0.17,-2.59,-2.64,-1.54,-0.85,-0.02,3.11,0.26,-0.11,-3.04,-0.25,0.24,-2.32,0.6,-0.14,1.3,3.98,0.93,1.93,-2.46,0.75,2.39,-1.07,1.15,-1.39,0.67,0.24,-2.32,0.6,-0.14,1.3,-2.54,2.44,0.43,0.04,-1.47,-4.36,3.94,0.59,3.44,-1.59
Chmy81,2.05,-4.06,0.36,-0.82,-0.38,2.39,-1.07,1.15,-1.39,0.67,-3.89,-1.73,-1.71,-0.84,0.26,3.98,0.93,1.93,-2.46,0.75,-4.28,-1.3,-1.49,-0.72,0.84,2.47,1.95,0.26,3.9,0.09,-3.89,-1.73,-1.71,-0.84,0.26,3.98,0.93,1.93,-2.46,0.75,0.24,-2.32,0.6,-0.14,1.3,3.11,0.26,-0.11,-3.04,-0.25,2.39,-1.07,1.15,-1.39,0.67,0.24,-2.32,0.6,-0.14,1.3,-2.54,2.44,0.43,0.04,-1.47,-4.36,3.94,0.59,3.44,-1.59
Chmy82,2.05,-4.06,0.36,-0.82,-0.38,2.39,-1.07,1.15,-1.39,0.67,2.29,0.89,-2.49,1.49,0.31,-2.54,2.44,0.43,0.04,-1.47,-4.28,-1.3,-1.49,-0.72,0.84,2.47,1.95,0.26,3.9,0.09,-2.59,-2.64,-1.54,-0.85,-0.02,3.11,0.26,-0.11,-3.04,-0.25,0.24,-2.32,0.6,-0.14,1.3,3.11,0.26,-0.11,-3.04,-0.25,2.39,-1.07,1.15,-1.39,0.67,0.24,-2.32,0.6,-0.14,1.3,2.05,-4.06,0.36,-0.82,-0.38,-2.54,2.44,0.43,0.04,-1.47
Chmy83,2.05,-4.06,0.36,-0.82,-0.38,2.39,-1.07,1.15,-1.39,0.67,2.29,0.89,-2.49,1.49,0.31,-2.54,2.44,0.43,0.04,-1.47,-4.28,-1.3,-1.49,-0.72,0.84,2.47,1.95,0.26,3.9,0.09,-2.59,-2.64,-1.54,-0.85,-0.02,3.98,0.93,1.93,-2.46,0.75,0.24,-2.32,0.6,-0.14,1.3,3.11,0.26,-0.11,-3.04,-0.25,2.39,-1.07,1.15,-1.39,0.67,0.24,-2.32,0.6,-0.14,1.3,-2.54,2.44,0.43,0.04,-1.47,-4.36,3.94,0.59,3.44,-1.59
Chmy84,3.05,1.62,1.04,-1.15,1.61,-2.59,-2.64,-1.54,-0.85,-0.02,-3.89,-1.73,-1.71,-0.84,0.26,3.98,0.93,1.93,-2.46,0.75,-4.28,-1.3,-1.49,-0.72,0.84,0.75,-2.18,-1.12,-1.46,-0.4,-3.89,-1.73,-1.71,-0.84,0.26,3.11,0.26,-0.11,-3.04,-0.25,0.24,-2.32,0.6,-0.14,1.3,3.11,0.26,-0.11,-3.04,-0.25,-2.59,-2.64,-1.54,-0.85,-0.02,3.05,1.62,1.04,-1.15,1.61,1.75,0.5,-1.44,-1.34,0.66,-4.36,3.94,0.59,3.44,-1.59
Chmy85,2.05,-4.06,0.36,-0.82,-0.38,2.39,-1.07,1.15,-1.39,0.67,2.29,0.89,-2.49,1.49,0.31,-2.54,2.44,0.43,0.04,-1.47,-2.59,-2.64,-1.54,-0.85,-0.02,-4.36,3.94,0.59,3.44,-1.59,-3.89,-1.73,-1.71,-0.84,0.26,3.11,0.26,-0.11,-3.04,-0.25,0.24,-2.32,0.6,-0.14,1.3,3.98,0.93,1.93,-2.46,0.75,2.39,-1.07,1.15,-1.39,0.67,0.24,-2.32,0.6,-0.14,1.3,1.75,0.5,-1.44,-1.34,0.66,-4.36,3.94,0.59,3.44,-1.59
Chmy86,2.05,-4.06,0.36,-0.82,-0.38,2.39,-1.07,1.15,-1.39,0.67,2.29,0.89,-2.49,1.49,0.31,-2.54,2.44,0.43,0.04,-1.47,-4.28,-1.3,-1.49,-0.72,0.84,2.47,1.95,0.26,3.9,0.09,-3.89,-1.73,-1.71,-0.84,0.26,3.98,0.93,1.93,-2.46,0.75,2.05,-4.06,0.36,-0.82,-0.38,3.98,0.93,1.93,-2.46,0.75,2.39,-1.07,1.15,-1.39,0.67,0.24,-2.32,0.6,-0.14,1.3,3.52,2.5,-3.5,1.99,-0.17,3.11,0.26,-0.11,-3.04,-0.25
Chmy87,2.05,-4.06,0.36,-0.82,-0.38,2.39,-1.07,1.15,-1.39,0.67,-3.89,-1.73,-1.71,-0.84,0.26,3.98,0.93,1.93,-2.46,0.75,-4.28,-1.3,-1.49,-0.72,0.84,3.52,2.5,-3.5,1.99,-0.17,-3.89,-1.73,-1.71,-0.84,0.26,3.98,0.93,1.93,-2.46,0.75,0.24,-2.32,0.6,-0.14,1.3,3.98,0.93,1.93,-2.46,0.75,2.39,-1.07,1.15,-1.39,0.67,0.75,-2.18,-1.12,-1.46,-0.4,3.52,2.5,-3.5,1.99,-0.17,-2.54,2.44,0.43,0.04,-1.47
Chmy88,2.05,-4.06,0.36,-0.82,-0.38,2.39,-1.07,1.15,-1.39,0.67,-3.89,-1.73,-1.71,-0.84,0.26,-2.54,2.44,0.43,0.04,-1.47,-4.28,-1.3,-1.49,-0.72,0.84,3.52,2.5,-3.5,1.99,-0.17,-3.89,-1.73,-1.71,-0.84,0.26,3.98,0.93,1.93,-2.46,0.75,0.24,-2.32,0.6,-0.14,1.3,3.98,0.93,1.93,-2.46,0.75,2.39,-1.07,1.15,-1.39,0.67,0.24,-2.32,0.6,-0.14,1.3,3.52,2.5,-3.5,1.99,-0.17,3.52,2.5,-3.5,1.99,-0.17
Chmy89,2.05,-4.06,0.36,-0.82,-0.38,2.39,-1.07,1.15,-1.39,0.67,2.29,0.89,-2.49,1.49,0.31,-4.22,1.94,1.06,0.54,-0.62,-4.28,-1.3,-1.49,-0.72,0.84,3.52,2.5,-3.5,1.99,-0.17,-2.59,-2.64,-1.54,-0.85,-0.02,3.11,0.26,-0.11,-3.04,-0.25,0.24,-2.32,0.6,-0.14,1.3,3.98,0.93,1.93,-2.46,0.75,2.39,-1.07,1.15,-1.39,0.67,0.24,-2.32,0.6,-0.14,1.3,2.05,-4.06,0.36,-0.82,-0.38,3.52,2.5,-3.5,1.99,-0.17
Chmy90,2.05,-4.06,0.36,-0.82,-0.38,2.39,-1.07,1.15,-1.39,0.67,2.29,0.89,-2.49,1.49,0.31,-2.54,2.44,0.43,0.04,-1.47,-3.89,-1.73,-1.71,-0.84,0.26,1.75,0.5,-1.44,-1.34,0.66,-3.89,-1.73,-1.71,-0.84,0.26,3.11,0.26,-0.11,-3.04,-0.25,0.24,-2.32,0.6,-0.14,1.3,3.98,0.93,1.93,-2.46,0.75,2.39,-1.07,1.15,-1.39,0.67,0.24,-2.32,0.6,-0.14,1.3,1.75,0.5,-1.44,-1.34,0.66,-4.36,3.94,0.59,3.44,-1.59
Chmy91,2.05,-4.06,0.36,-0.82,-0.38,2.39,-1.07,1.15,-1.39,0.67,2.29,0.89,-2.49,1.49,0.31,-2.54,2.44,0.43,0.04,-1.47,-2.59,-2.64,-1.54,-0.85,-0.02,3.52,2.5,-3.5,1.99,-0.17,-2.59,-2.64,-1.54,-0.85,-0.02,3.11,0.26,-0.11,-3.04,-0.25,0.24,-2.32,0.6,-0.14,1.3,3.98,0.93,1.93,-2.46,0.75,2.39,-1.07,1.15,-1.39,0.67,0.24,-2.32,0.6,-0.14,1.3,3.52,2.5,-3.5,1.99,-0.17,1.75,0.5,-1.44,-1.34,0.66
Chmy92,2.05,-4.06,0.36,-0.82,-0.38,2.39,-1.07,1.15,-1.39,0.67,-3.89,-1.73,-1.71,-0.84,0.26,3.98,0.93,1.93,-2.46,0.75,-4.28,-1.3,-1.49,-0.72,0.84,-4.28,-1.3,-1.49,-0.72,0.84,-3.89,-1.73,-1.71,-0.84,0.26,3.98,0.93,1.93,-2.46,0.75,0.24,-2.32,0.6,-0.14,1.3,3.98,0.93,1.93,-2.46,0.75,2.39,-1.07,1.15,-1.39,0.67,0.24,-2.32,0.6,-0.14,1.3,3.52,2.5,-3.5,1.99,-0.17,3.11,0.26,-0.11,-3.04,-0.25
Chmy93,2.05,-4.06,0.36,-0.82,-0.38,2.39,-1.07,1.15,-1.39,0.67,2.29,0.89,-2.49,1.49,0.31,-4.22,1.94,1.06,0.54,-0.62,-2.59,-2.64,-1.54,-0.85,-0.02,3.52,2.5,-3.5,1.99,-0.17,-3.89,-1.73,-1.71,-0.84,0.26,3.98,0.93,1.93,-2.46,0.75,0.24,-2.32,0.6,-0.14,1.3,3.98,0.93,1.93,-2.46,0.75,2.39,-1.07,1.15,-1.39,0.67,0.24,-2.32,0.6,-0.14,1.3,3.52,2.5,-3.5,1.99,-0.17,1.75,0.5,-1.44,-1.34,0.66
Chmy94,2.05,-4.06,0.36,-0.82,-0.38,2.39,-1.07,1.15,-1.39,0.67,-3.89,-1.73,-1.71,-0.84,0.26,3.98,0.93,1.93,-2.46,0.75,-3.89,-1.73,-1.71,-0.84,0.26,-4.28,-1.3,-1.49,-0.72,0.84,-3.89,-1.73,-1.71,-0.84,0.26,3.11,0.26,-0.11,-3.04,-0.25,0.24,-2.32,0.6,-0.14,1.3,3.98,0.93,1.93,-2.46,0.75,2.05,-4.06,0.36,-0.82,-0.38,0.75,-2.18,-1.12,-1.46,-0.4,2.05,-4.06,0.36,-0.82,-0.38,-4.36,3.94,0.59,3.44,-1.59
Chmy95,2.05,-4.06,0.36,-0.82,-0.38,2.39,-1.07,1.15,-1.39,0.67,2.29,0.89,-2.49,1.49,0.31,-4.22,1.94,1.06,0.54,-0.62,-4.28,-1.3,-1.49,-0.72,0.84,2.47,1.95,0.26,3.9,0.09,-3.89,-1.73,-1.71,-0.84,0.26,3.98,0.93,1.93,-2.46,0.75,0.24,-2.32,0.6,-0.14,1.3,3.98,0.93,1.93,-2.46,0.75,2.39,-1.07,1.15,-1.39,0.67,0.24,-2.32,0.6,-0.14,1.3,3.52,2.5,-3.5,1.99,-0.17,1.75,0.5,-1.44,-1.34,0.66
Chmy96,2.05,-4.06,0.36,-0.82,-0.38,2.39,-1.07,1.15,-1.39,0.67,2.29,0.89,-2.49,1.49,0.31,-4.22,1.94,1.06,0.54,-0.62,-4.28,-1.3,-1.49,-0.72,0.84,2.47,1.95,0.26,3.9,0.09,-3.89,-1.73,-1.71,-0.84,0.26,3.98,0.93,1.93,-2.46,0.75,0.24,-2.32,0.6,-0.14,1.3,3.11,0.26,-0.11,-3.04,-0.25,2.39,-1.07,1.15,-1.39,0.67,0.24,-2.32,0.6,-0.14,1.3,-2.54,2.44,0.43,0.04,-1.47,-4.36,3.94,0.59,3.44,-1.59
Chmy97,2.05,-4.06,0.36,-0.82,-0.38,2.39,-1.07,1.15,-1.39,0.67,2.29,0.89,-2.49,1.49,0.31,-2.54,2.44,0.43,0.04,-1.47,-4.28,-1.3,-1.49,-0.72,0.84,-4.36,3.94,0.59,3.44,-1.59,-3.89,-1.73,-1.71,-0.84,0.26,3.98,0.93,1.93,-2.46,0.75,0.24,-2.32,0.6,-0.14,1.3,3.98,0.93,1.93,-2.46,0.75,2.39,-1.07,1.15,-1.39,0.67,0.24,-2.32,0.6,-0.14,1.3,1.75,0.5,-1.44,-1.34,0.66,-4.36,3.94,0.59,3.44,-1.59
Chmy98,2.05,-4.06,0.36,-0.82,-0.38,2.39,-1.07,1.15,-1.39,0.67,2.29,0.89,-2.49,1.49,0.31,-4.22,1.94,1.06,0.54,-0.62,-4.28,-1.3,-1.49,-0.72,0.84,2.47,1.95,0.26,3.9,0.09,-3.89,-1.73,-1.71,-0.84,0.26,3.98,0.93,1.93,-2.46,0.75,0.24,-2.32,0.6,-0.14,1.3,3.11,0.26,-0.11,-3.04,-0.25,2.39,-1.07,1.15,-1.39,0.67,0.24,-2.32,0.6,-0.14,1.3,-2.54,2.44,0.43,0.04,-1.47,-4.36,3.94,0.59,3.44,-1.59
Chmy99,2.05,-4.06,0.36,-0.82,-0.38,2.39,-1.07,1.15,-1.39,0.67,-3.89,-1.73,-1.71,-0.84,0.26,-2.54,2.44,0.43,0.04,-1.47,-4.28,-1.3,-1.49,-0.72,0.84,2.47,1.95,0.26,3.9,0.09,-3.89,-1.73,-1.71,-0.84,0.26,3.98,0.93,1.93,-2.46,0.75,0.24,-2.32,0.6,-0.14,1.3,3.98,0.93,1.93,-2.46,0.75,2.39,-1.07,1.15,-1.39,0.67,0.24,-2.32,0.6,-0.14,1.3,3.52,2.5,-3.5,1.99,-0.17,3.52,2.5,-3.5,1.99,-0.17
Chmy100,2.05,-4.06,0.36,-0.82,-0.38,2.39,-1.07,1.15,-1.39,0.67,2.29,0.89,-2.49,1.49,0.31,-4.22,1.94,1.06,0.54,-0.62,-4.28,-1.3,-1.49,-0.72,0.84,2.47,1.95,0.26,3.9,0.09,-3.89,-1.73,-1.71,-0.84,0.26,3.98,0.93,1.93,-2.46,0.75,0.24,-2.32,0.6,-0.14,1.3,3.11,0.26,-0.11,-3.04,-0.25,2.39,-1.07,1.15,-1.39,0.67,0.24,-2.32,0.6,-0.14,1.3,-2.54,2.44,0.43,0.04,-1.47,-4.36,3.94,0.59,3.44,-1.59
Chmy101,2.05,-4.06,0.36,-0.82,-0.38,2.39,-1.07,1.15,-1.39,0.67,2.29,0.89,-2.49,1.49,0.31,-2.54,2.44,0.43,0.04,-1.47,-4.28,-1.3,-1.49,-0.72,0.84,3.52,2.5,-3.5,1.99,-0.17,-2.59,-2.64,-1.54,-0.85,-0.02,3.98,0.93,1.93,-2.46,0.75,0.24,-2.32,0.6,-0.14,1.3,3.11,0.26,-0.11,-3.04,-0.25,2.39,-1.07,1.15,-1.39,0.67,0.24,-2.32,0.6,-0.14,1.3,3.52,2.5,-3.5,1.99,-0.17,3.11,0.26,-0.11,-3.04,-0.25
Chmy102,2.05,-4.06,0.36,-0.82,-0.38,2.39,-1.07,1.15,-1.39,0.67,2.29,0.89,-2.49,1.49,0.31,-4.22,1.94,1.06,0.54,-0.62,-4.28,-1.3,-1.49,-0.72,0.84,3.52,2.5,-3.5,1.99,-0.17,-3.89,-1.73,-1.71,-0.84,0.26,3.98,0.93,1.93,-2.46,0.75,2.05,-4.06,0.36,-0.82,-0.38,3.11,0.26,-0.11,-3.04,-0.25,2.39,-1.07,1.15,-1.39,0.67,0.24,-2.32,0.6,-0.14,1.3,3.52,2.5,-3.5,1.99,-0.17,-2.54,2.44,0.43,0.04,-1.47
Chmy103,2.05,-4.06,0.36,-0.82,-0.38,2.39,-1.07,1.15,-1.39,0.67,-3.89,-1.73,-1.71,-0.84,0.26,3.98,0.93,1.93,-2.46,0.75,-3.89,-1.73,-1.71,-0.84,0.26,3.52,2.5,-3.5,1.99,-0.17,-2.59,-2.64,-1.54,-0.85,-0.02,3.11,0.26,-0.11,-3.04,-0.25,0.24,-2.32,0.6,-0.14,1.3,3.98,0.93,1.93,-2.46,0.75,2.39,-1.07,1.15,-1.39,0.67,0.24,-2.32,0.6,-0.14,1.3,1.75,0.5,-1.44,-1.34,0.66,-4.36,3.94,0.59,3.44,-1.59
Chmy104,2.05,-4.06,0.36,-0.82,-0.38,2.39,-1.07,1.15,-1.39,0.67,-3.89,-1.73,-1.71,-0.84,0.26,3.98,0.93,1.93,-2.46,0.75,-4.28,-1.3,-1.49,-0.72,0.84,3.52,2.5,-3.5,1.99,-0.17,-2.59,-2.64,-1.54,-0.85,-0.02,3.11,0.26,-0.11,-3.04,-0.25,0.24,-2.32,0.6,-0.14,1.3,3.98,0.93,1.93,-2.46,0.75,2.39,-1.07,1.15,-1.39,0.67,0.24,-2.32,0.6,-0.14,1.3,1.75,0.5,-1.44,-1.34,0.66,-4.36,3.94,0.59,3.44,-1.59
Deco01,2.05,-4.06,0.36,-0.82,-0.38,2.39,-1.07,1.15,-1.39,0.67,2.29,0.89,-2.49,1.49,0.31,-2.54,2.44,0.43,0.04,-1.47,-3.89,-1.73,-1.71,-0.84,0.26,1.75,0.5,-1.44,-1.34,0.66,-3.89,-1.73,-1.71,-0.84,0.26,3.98,0.93,1.93,-2.46,0.75,0.24,-2.32,0.6,-0.14,1.3,3.98,0.93,1.93,-2.46,0.75,2.39,-1.07,1.15,-1.39,0.67,0.24,-2.32,0.6,-0.14,1.3,3.52,2.5,-3.5,1.99,-0.17,1.75,0.5,-1.44,-1.34,0.66
Deco02,2.05,-4.06,0.36,-0.82,-0.38,2.39,-1.07,1.15,-1.39,0.67,2.29,0.89,-2.49,1.49,0.31,-2.54,2.44,0.43,0.04,-1.47,-3.89,-1.73,-1.71,-0.84,0.26,1.75,0.5,-1.44,-1.34,0.66,-3.89,-1.73,-1.71,-0.84,0.26,3.98,0.93,1.93,-2.46,0.75,0.24,-2.32,0.6,-0.14,1.3,3.98,0.93,1.93,-2.46,0.75,2.39,-1.07,1.15,-1.39,0.67,0.75,-2.18,-1.12,-1.46,-0.4,3.52,2.5,-3.5,1.99,-0.17,1.75,0.5,-1.44,-1.34,0.66
Deco03,2.05,-4.06,0.36,-0.82,-0.38,2.39,-1.07,1.15,-1.39,0.67,2.29,0.89,-2.49,1.49,0.31,-2.54,2.44,0.43,0.04,-1.47,-3.89,-1.73,-1.71,-0.84,0.26,1.75,0.5,-1.44,-1.34,0.66,-3.89,-1.73,-1.71,-0.84,0.26,3.98,0.93,1.93,-2.46,0.75,0.24,-2.32,0.6,-0.14,1.3,3.98,0.93,1.93,-2.46,0.75,2.39,-1.07,1.15,-1.39,0.67,0.75,-2.18,-1.12,-1.46,-0.4,3.52,2.5,-3.5,1.99,-0.17,1.75,0.5,-1.44,-1.34,0.66
Deco04,2.05,-4.06,0.36,-0.82,-0.38,2.39,-1.07,1.15,-1.39,0.67,2.29,0.89,-2.49,1.49,0.31,2.47,1.95,0.26,3.9,0.09,-3.89,-1.73,-1.71,-0.84,0.26,1.75,0.5,-1.44,-1.34,0.66,-3.89,-1.73,-1.71,-0.84,0.26,3.98,0.93,1.93,-2.46,0.75,0.24,-2.32,0.6,-0.14,1.3,3.98,0.93,1.93,-2.46,0.75,2.39,-1.07,1.15,-1.39,0.67,0.75,-2.18,-1.12,-1.46,-0.4,3.52,2.5,-3.5,1.99,-0.17,1.75,0.5,-1.44,-1.34,0.66
Deco05,2.05,-4.06,0.36,-0.82,-0.38,2.39,-1.07,1.15,-1.39,0.67,2.29,0.89,-2.49,1.49,0.31,-2.54,2.44,0.43,0.04,-1.47,-3.89,-1.73,-1.71,-0.84,0.26,1.75,0.5,-1.44,-1.34,0.66,-3.89,-1.73,-1.71,-0.84,0.26,3.98,0.93,1.93,-2.46,0.75,0.24,-2.32,0.6,-0.14,1.3,3.98,0.93,1.93,-2.46,0.75,2.39,-1.07,1.15,-1.39,0.67,0.24,-2.32,0.6,-0.14,1.3,3.52,2.5,-3.5,1.99,-0.17,-4.28,-1.3,-1.49,-0.72,0.84
Deco06,2.05,-4.06,0.36,-0.82,-0.38,2.39,-1.07,1.15,-1.39,0.67,2.29,0.89,-2.49,1.49,0.31,-2.54,2.44,0.43,0.04,-1.47,-3.89,-1.73,-1.71,-0.84,0.26,1.75,0.5,-1.44,-1.34,0.66,-3.89,-1.73,-1.71,-0.84,0.26,3.98,0.93,1.93,-2.46,0.75,0.24,-2.32,0.6,-0.14,1.3,3.98,0.93,1.93,-2.46,0.75,2.39,-1.07,1.15,-1.39,0.67,0.24,-2.32,0.6,-0.14,1.3,3.52,2.5,-3.5,1.99,-0.17,1.75,0.5,-1.44,-1.34,0.66
Deco07,2.05,-4.06,0.36,-0.82,-0.38,2.39,-1.07,1.15,-1.39,0.67,2.29,0.89,-2.49,1.49,0.31,2.47,1.95,0.26,3.9,0.09,-3.89,-1.73,-1.71,-0.84,0.26,1.75,0.5,-1.44,-1.34,0.66,-3.89,-1.73,-1.71,-0.84,0.26,3.98,0.93,1.93,-2.46,0.75,0.24,-2.32,0.6,-0.14,1.3,3.98,0.93,1.93,-2.46,0.75,2.39,-1.07,1.15,-1.39,0.67,0.24,-2.32,0.6,-0.14,1.3,3.52,2.5,-3.5,1.99,-0.17,1.75,0.5,-1.44,-1.34,0.66
Deco08,2.05,-4.06,0.36,-0.82,-0.38,2.39,-1.07,1.15,-1.39,0.67,2.29,0.89,-2.49,1.49,0.31,-2.54,2.44,0.43,0.04,-1.47,-3.89,-1.73,-1.71,-0.84,0.26,1.75,0.5,-1.44,-1.34,0.66,-3.89,-1.73,-1.71,-0.84,0.26,3.98,0.93,1.93,-2.46,0.75,0.24,-2.32,0.6,-0.14,1.3,3.98,0.93,1.93,-2.46,0.75,2.39,-1.07,1.15,-1.39,0.67,0.24,-2.32,0.6,-0.14,1.3,3.52,2.5,-3.5,1.99,-0.17,-4.28,-1.3,-1.49,-0.72,0.84
Leke01,3.05,1.62,1.04,-1.15,1.61,0.75,-2.18,-1.12,-1.46,-0.4,0.75,-2.18,-1.12,-1.46,-0.4,3.98,0.93,1.93,-2.46,0.75,-4.28,-1.3,-1.49,-0.72,0.84,0.75,-2.18,-1.12,-1.46,-0.4,-3.89,-1.73,-1.71,-0.84,0.26,2.47,1.95,0.26,3.9,0.09,0.24,-2.32,0.6,-0.14,1.3,3.11,0.26,-0.11,-3.04,-0.25,2.47,1.95,0.26,3.9,0.09,3.05,1.62,1.04,-1.15,1.61,2.05,-4.06,0.36,-0.82,-0.38,-4.36,3.94,0.59,3.44,-1.59
Leke02,3.05,1.62,1.04,-1.15,1.61,0.75,-2.18,-1.12,-1.46,-0.4,0.75,-2.18,-1.12,-1.46,-0.4,3.98,0.93,1.93,-2.46,0.75,-4.28,-1.3,-1.49,-0.72,0.84,0.75,-2.18,-1.12,-1.46,-0.4,-3.89,-1.73,-1.71,-0.84,0.26,3.98,0.93,1.93,-2.46,0.75,0.24,-2.32,0.6,-0.14,1.3,3.11,0.26,-0.11,-3.04,-0.25,-4.28,-1.3,-1.49,-0.72,0.84,3.05,1.62,1.04,-1.15,1.61,3.52,2.5,-3.5,1.99,-0.17,-4.36,3.94,0.59,3.44,-1.59
Leke03,3.05,1.62,1.04,-1.15,1.61,0.75,-2.18,-1.12,-1.46,-0.4,0.75,-2.18,-1.12,-1.46,-0.4,3.98,0.93,1.93,-2.46,0.75,-4.28,-1.3,-1.49,-0.72,0.84,0.75,-2.18,-1.12,-1.46,-0.4,-3.89,-1.73,-1.71,-0.84,0.26,2.47,1.95,0.26,3.9,0.09,0.24,-2.32,0.6,-0.14,1.3,3.11,0.26,-0.11,-3.04,-0.25,2.47,1.95,0.26,3.9,0.09,3.05,1.62,1.04,-1.15,1.61,2.05,-4.06,0.36,-0.82,-0.38,-4.36,3.94,0.59,3.44,-1.59
Leke04,2.05,-4.06,0.36,-0.82,-0.38,2.39,-1.07,1.15,-1.39,0.67,-3.89,-1.73,-1.71,-0.84,0.26,3.98,0.93,1.93,-2.46,0.75,-3.89,-1.73,-1.71,-0.84,0.26,3.52,2.5,-3.5,1.99,-0.17,-3.89,-1.73,-1.71,-0.84,0.26,3.11,0.26,-0.11,-3.04,-0.25,0.24,-2.32,0.6,-0.14,1.3,3.98,0.93,1.93,-2.46,0.75,2.39,-1.07,1.15,-1.39,0.67,0.24,-2.32,0.6,-0.14,1.3,3.52,2.5,-3.5,1.99,-0.17,-2.54,2.44,0.43,0.04,-1.47
Leke05,2.05,-4.06,0.36,-0.82,-0.38,2.39,-1.07,1.15,-1.39,0.67,2.29,0.89,-2.49,1.49,0.31,-2.54,2.44,0.43,0.04,-1.47,-3.89,-1.73,-1.71,-0.84,0.26,3.52,2.5,-3.5,1.99,-0.17,-2.59,-2.64,-1.54,-0.85,-0.02,3.98,0.93,1.93,-2.46,0.75,2.05,-4.06,0.36,-0.82,-0.38,3.98,0.93,1.93,-2.46,0.75,2.39,-1.07,1.15,-1.39,0.67,0.24,-2.32,0.6,-0.14,1.3,3.52,2.5,-3.5,1.99,-0.17,-2.54,2.44,0.43,0.04,-1.47
Leke06,2.05,-4.06,0.36,-0.82,-0.38,2.39,-1.07,1.15,-1.39,0.67,2.29,0.89,-2.49,1.49,0.31,-2.54,2.44,0.43,0.04,-1.47,-3.89,-1.73,-1.71,-0.84,0.26,3.52,2.5,-3.5,1.99,-0.17,-2.59,-2.64,-1.54,-0.85,-0.02,3.11,0.26,-0.11,-3.04,-0.25,0.24,-2.32,0.6,-0.14,1.3,3.98,0.93,1.93,-2.46,0.75,2.05,-4.06,0.36,-0.82,-0.38,0.75,-2.18,-1.12,-1.46,-0.4,3.52,2.5,-3.5,1.99,-0.17,1.75,0.5,-1.44,-1.34,0.66
Leke07,2.05,-4.06,0.36,-0.82,-0.38,2.39,-1.07,1.15,-1.39,0.67,2.29,0.89,-2.49,1.49,0.31,-2.54,2.44,0.43,0.04,-1.47,-2.59,-2.64,-1.54,-0.85,-0.02,3.52,2.5,-3.5,1.99,-0.17,-2.59,-2.64,-1.54,-0.85,-0.02,3.11,0.26,-0.11,-3.04,-0.25,0.24,-2.32,0.6,-0.14,1.3,3.98,0.93,1.93,-2.46,0.75,2.05,-4.06,0.36,-0.82,-0.38,0.75,-2.18,-1.12,-1.46,-0.4,3.52,2.5,-3.5,1.99,-0.17,3.52,2.5,-3.5,1.99,-0.17
Leke08,2.05,-4.06,0.36,-0.82,-0.38,2.39,-1.07,1.15,-1.39,0.67,2.29,0.89,-2.49,1.49,0.31,-2.54,2.44,0.43,0.04,-1.47,-3.89,-1.73,-1.71,-0.84,0.26,3.52,2.5,-3.5,1.99,-0.17,-2.59,-2.64,-1.54,-0.85,-0.02,3.11,0.26,-0.11,-3.04,-0.25,0.24,-2.32,0.6,-0.14,1.3,3.98,0.93,1.93,-2.46,0.75,2.05,-4.06,0.36,-0.82,-0.38,0.75,-2.18,-1.12,-1.46,-0.4,3.52,2.5,-3.5,1.99,-0.17,3.52,2.5,-3.5,1.99,-0.17
Leke09,2.05,-4.06,0.36,-0.82,-0.38,2.39,-1.07,1.15,-1.39,0.67,2.29,0.89,-2.49,1.49,0.31,-2.54,2.44,0.43,0.04,-1.47,-2.59,-2.64,-1.54,-0.85,-0.02,1.75,0.5,-1.44,-1.34,0.66,-2.59,-2.64,-1.54,-0.85,-0.02,3.11,0.26,-0.11,-3.04,-0.25,0.24,-2.32,0.6,-0.14,1.3,3.98,0.93,1.93,-2.46,0.75,2.05,-4.06,0.36,-0.82,-0.38,0.24,-2.32,0.6,-0.14,1.3,2.05,-4.06,0.36,-0.82,-0.38,-4.36,3.94,0.59,3.44,-1.59
Leke10,2.05,-4.06,0.36,-0.82,-0.38,2.39,-1.07,1.15,-1.39,0.67,-3.89,-1.73,-1.71,-0.84,0.26,3.98,0.93,1.93,-2.46,0.75,-3.89,-1.73,-1.71,-0.84,0.26,3.52,2.5,-3.5,1.99,-0.17,-3.89,-1.73,-1.71,-0.84,0.26,3.11,0.26,-0.11,-3.04,-0.25,0.24,-2.32,0.6,-0.14,1.3,3.98,0.93,1.93,-2.46,0.75,2.39,-1.07,1.15,-1.39,0.67,0.24,-2.32,0.6,-0.14,1.3,3.52,2.5,-3.5,1.99,-0.17,3.11,0.26,-0.11,-3.04,-0.25
Leke11,3.05,1.62,1.04,-1.15,1.61,0.75,-2.18,-1.12,-1.46,-0.4,0.75,-2.18,-1.12,-1.46,-0.4,3.98,0.93,1.93,-2.46,0.75,-4.28,-1.3,-1.49,-0.72,0.84,0.75,-2.18,-1.12,-1.46,-0.4,-3.89,-1.73,-1.71,-0.84,0.26,2.47,1.95,0.26,3.9,0.09,0.24,-2.32,0.6,-0.14,1.3,3.11,0.26,-0.11,-3.04,-0.25,2.47,1.95,0.26,3.9,0.09,3.05,1.62,1.04,-1.15,1.61,2.05,-4.06,0.36,-0.82,-0.38,-4.36,3.94,0.59,3.44,-1.59
Leke12,2.05,-4.06,0.36,-0.82,-0.38,2.39,-1.07,1.15,-1.39,0.67,2.29,0.89,-2.49,1.49,0.31,-2.54,2.44,0.43,0.04,-1.47,-2.59,-2.64,-1.54,-0.85,-0.02,3.52,2.5,-3.5,1.99,-0.17,-2.59,-2.64,-1.54,-0.85,-0.02,3.11,0.26,-0.11,-3.04,-0.25,0.24,-2.32,0.6,-0.14,1.3,3.98,0.93,1.93,-2.46,0.75,2.05,-4.06,0.36,-0.82,-0.38,0.75,-2.18,-1.12,-1.46,-0.4,3.52,2.5,-3.5,1.99,-0.17,1.75,0.5,-1.44,-1.34,0.66
Leke13,3.05,1.62,1.04,-1.15,1.61,0.75,-2.18,-1.12,-1.46,-0.4,0.75,-2.18,-1.12,-1.46,-0.4,3.98,0.93,1.93,-2.46,0.75,-4.28,-1.3,-1.49,-0.72,0.84,0.75,-2.18,-1.12,-1.46,-0.4,-3.89,-1.73,-1.71,-0.84,0.26,3.98,0.93,1.93,-2.46,0.75,-2.59,-2.64,-1.54,-0.85,-0.02,3.11,0.26,-0.11,-3.04,-0.25,-4.22,1.94,1.06,0.54,-0.62,3.05,1.62,1.04,-1.15,1.61,3.52,2.5,-3.5,1.99,-0.17,-4.36,3.94,0.59,3.44,-1.59
Leke14,2.05,-4.06,0.36,-0.82,-0.38,2.39,-1.07,1.15,-1.39,0.67,2.29,0.89,-2.49,1.49,0.31,-2.54,2.44,0.43,0.04,-1.47,-3.89,-1.73,-1.71,-0.84,0.26,3.52,2.5,-3.5,1.99,-0.17,-2.59,-2.64,-1.54,-0.85,-0.02,3.11,0.26,-0.11,-3.04,-0.25,0.24,-2.32,0.6,-0.14,1.3,3.98,0.93,1.93,-2.46,0.75,2.05,-4.06,0.36,-0.82,-0.38,0.75,-2.18,-1.12,-1.46,-0.4,3.52,2.5,-3.5,1.99,-0.17,3.52,2.5,-3.5,1.99,-0.17
Leke15,2.05,-4.06,0.36,-0.82,-0.38,2.39,-1.07,1.15,-1.39,0.67,-3.89,-1.73,-1.71,-0.84,0.26,3.98,0.93,1.93,-2.46,0.75,-3.89,-1.73,-1.71,-0.84,0.26,-4.28,-1.3,-1.49,-0.72,0.84,-3.89,-1.73,-1.71,-0.84,0.26,3.11,0.26,-0.11,-3.04,-0.25,0.24,-2.32,0.6,-0.14,1.3,3.98,0.93,1.93,-2.46,0.75,2.05,-4.06,0.36,-0.82,-0.38,0.75,-2.18,-1.12,-1.46,-0.4,2.05,-4.06,0.36,-0.82,-0.38,-4.36,3.94,0.59,3.44,-1.59
Leke16,3.05,1.62,1.04,-1.15,1.61,0.75,-2.18,-1.12,-1.46,-0.4,0.75,-2.18,-1.12,-1.46,-0.4,3.98,0.93,1.93,-2.46,0.75,-4.28,-1.3,-1.49,-0.72,0.84,0.75,-2.18,-1.12,-1.46,-0.4,-3.89,-1.73,-1.71,-0.84,0.26,3.98,0.93,1.93,-2.46,0.75,0.24,-2.32,0.6,-0.14,1.3,3.11,0.26,-0.11,-3.04,-0.25,-4.28,-1.3,-1.49,-0.72,0.84,3.05,1.62,1.04,-1.15,1.61,3.52,2.5,-3.5,1.99,-0.17,-4.36,3.94,0.59,3.44,-1.59
Leke17,3.05,1.62,1.04,-1.15,1.61,0.75,-2.18,-1.12,-1.46,-0.4,0.75,-2.18,-1.12,-1.46,-0.4,3.98,0.93,1.93,-2.46,0.75,-4.28,-1.3,-1.49,-0.72,0.84,0.75,-2.18,-1.12,-1.46,-0.4,-3.89,-1.73,-1.71,-0.84,0.26,2.47,1.95,0.26,3.9,0.09,0.24,-2.32,0.6,-0.14,1.3,3.11,0.26,-0.11,-3.04,-0.25,2.47,1.95,0.26,3.9,0.09,3.05,1.62,1.04,-1.15,1.61,2.05,-4.06,0.36,-0.82,-0.38,-4.36,3.94,0.59,3.44,-1.59
Leke18,2.05,-4.06,0.36,-0.82,-0.38,2.39,-1.07,1.15,-1.39,0.67,2.29,0.89,-2.49,1.49,0.31,-2.54,2.44,0.43,0.04,-1.47,-3.89,-1.73,-1.71,-0.84,0.26,3.52,2.5,-3.5,1.99,-0.17,-2.59,-2.64,-1.54,-0.85,-0.02,3.11,0.26,-0.11,-3.04,-0.25,0.24,-2.32,0.6,-0.14,1.3,3.98,0.93,1.93,-2.46,0.75,2.05,-4.06,0.36,-0.82,-0.38,0.75,-2.18,-1.12,-1.46,-0.4,3.52,2.5,-3.5,1.99,-0.17,1.75,0.5,-1.44,-1.34,0.66